Name,Price,Release Date,SIM Support,Phone Dimensions,Phone Weight,Operating System,Screen Size,Screen Resolution,Screen Type,Screen Protection,Internal Memory,RAM,Card Slot,Processor,GPU,Type,Front Camera,Front Flash Light,Front Video Recording,Back Flash Light,Back Camera,Back Video Recording,Bluetooth,3G,4G/LTE,5G,Radio,WiFi,NFC
TecnoSpark7,"Rs.17,699",2021 April 09,Dual SIM (Nano-SIM dual stand-by),164.8 x 76.1 x 9.5 mm,,Android 11 HIOS 7.5,6.5 inches,720 x 1600 pixels,IPS LCD Capacitive Touchscreen 16M Colors Multitouch  ,No,32/64 GB,2/4 GB,Yes,MediaTek Helio A25,PowerVR GE8320,Li-Po 6000 mAh non-removable,8 MP,Yes,1080p@30fps,Yes,16 MP,1080p@30fps,Yes,Yes,Yes,No,FM radio,Yes,No
TecnoSpark7Pro,"Rs.19,799",2021 April 27,Dual SIM (Nano-SIM dual stand-by),164.9 x 76.2 x 8.8 mm,,Android 11 HIOS 7.5,6.6 inches,720 x 1600 pixels,IPS LCD Capacitive Touchscreen 16M Colors Multitouch  ,No,64 GB,4 GB,Yes,Mediatek Helio G80,Mali-G52 MC2,Li-Po 5000 mAh non-removable,8 MP,Yes,1080p@30fps,Yes,48 MP ,1080p@30fps,Yes,Yes,Yes,No,FM radio,Yes,No
Realme8pro,"Rs.47,999",2021 March 24,Dual SIM (Nano-SIM dual stand-by),160.6 x 73.9 x 8.1 mm,176 g,Android 11 Realme UI 2.0,6.4 inches,1080 x 2400 pixels,Super AMOLED Capacitive Touchscreen 16M Colors Multitouch  ,Corning Gorilla Glass  ,128 GB,6/8 GB ,Yes,Qualcomm SM7125 Snapdragon 720G,Adreno 618,Li-Po 4500 mAh non-removable,16 MP,No,1080p@30/120fps gyro-EIS,Yes,108 MP + 8 MP + 2 MP + 2 MP,4K@30fps 1080p@30/60/120/480fps 720p@960fps gyro-EIS,Yes,Yes,Yes,No,No,Yes,Yes (market/region dependent)
XiaomiRedmiNote10Pro,"Rs.42,599",2021 March 04,Dual SIM (Nano-SIM dual stand-by),164.5 x 76.2 x 8.1 mm,193 g,Android 11 MIUI 12,6.67 inches,1080 x 2400 pixels,AMOLED Capacitive Touchscreen 16M Colors Multitouch  ,Corning Gorilla Glass 5,64/128 GB,6/8 GB ,Yes,Qualcomm® Snapdragon™ 732G,Adreno 618,Li-Po 5020 mAh non-removable,16 MP f/2.5,No,1080p@30fps 720p@120fps,Yes,108 MP + 8 MP + 5 MP + 2 MP,4K@30fps 1080p@30/60fps,Yes,Yes,Yes,No,No,Yes,Yes (market/region dependent)
XiaomiPocoF3,"Rs.64,999",2021 March 22,Dual SIM (Nano-SIM dual stand-by),163.7 x 76.4 x 7.8 mm,196 g,Android 11 MIUI 12 for POCO,6.67 inches,1080 x 2400 pixels,AMOLED Capacitive Touchscreen 16M Colors Multitouch  ,Corning Gorilla Glass 5,128/256 GB,6/8 GB ,No,Qualcomm SM8250-AC Snapdragon 870 5G,Adreno 650,Li-Po 4520 mAh non-removable,20 MP,No,1080p@30fps 720p@120fps,Yes,48 MP + 8 MP + 5 MP,4K@30fps 1080p@30/60/120/240/960fps gyro-EIS,Yes,Yes,Yes,No,Yes,Yes (market/region dependent),
XiaomiRedmiNote105G,"Rs.31,999",2021 March 04,Dual SIM (Nano-SIM dual stand-by),161.8 x 75.3 x 8.9 mm,190 g,Android 11 MIUI 12,6.5 inches,1080 x 2400 pixels,IPS LCD Capacitive Touchscreen 16M Colors Multitouch ,Corning Gorilla Glass 3,128 GB,4/6 GB,Yes,MediaTek MT6833 Dimensity 700 5G,Mali-G57 MC2,Li-Po 5000 mAh non-removable,8 MP,No,1080p@30fps,Yes,48 MP + 2 MP + 2 MP,1080p@30fps,Yes,Yes,Yes,Yes,FM radio,Yes,Yes (market/region dependent)
RealmeC25,"Rs.27,299",2021 March 23,Dual SIM (Nano-SIM dual stand-by),164.5 x 75.9 x 9.6 mm,209 g,Android 11 Realme UI 2.0,6.5 inches,720 x 1600 pixels,IPS LCD Capacitive Touchscreen 16M Colors Multitouch  ,No,64/128 GB,4 GB     ,Yes,MediaTek G70,ARM G52,Li-Po 6000 mAh non-removable,8 MP,No,1080p@30fps,Yes,48 MP + 2 MP + 2 MP,1080p@30fps,Yes,Yes,Yes,No,FM radio,Yes,No
XiaomiRedmiNote10,"Rs.30,099",2021 March 08,Dual SIM (Nano-SIM dual stand-by),160.5 x 74.5 x 8.3 mm,178.8 g,Android 11 MIUI 12,6.43 inches,1080 x 2400 pixels,Super AMOLED Capacitive Touchscreen 16M Colors Multitouch  ,Corning Gorilla Glass 3,64/128 GB,4/6 GB,Yes,Qualcomm SDM678 Snapdragon 678,Adreno 612,Li-Po 5000 mAh non-removable,13 MP f/2.5,No,1080p@30fps,Yes,48 MP + 8 MP + 2 MP + 2 MP,4K@30fps 1080p@30/60fps,Yes,Yes,Yes,No,No,Yes,Yes
RealmeC21,"Rs.22,799",2021 March 05,Dual SIM (Nano-SIM dual stand-by),165.2 x 76.4 x 8.9 mm ,190 g,Android 10 Realme UI,6.5 inches,720 x 1600 pixels,IPS LCD Capacitive Touchscreen 16M Colors Multitouch  ,No,64 GB,4 GB,Yes,MediaTek Helio G35,IMG GE8320,Li-Po 5000 mAh non-removable,5 MP,No,1080p@30fps,Yes,13 MP + 2 MP + 2 MP,1080p@30fps,Yes,Yes,Yes,No,FM radio,Yes,No
SamsungGalaxyA52,"Rs.52,999",2021 March 17,Hybrid Dual SIM (Nano-SIM dual stand-by),159.9 x 75.1 x 8.4 mm,189 g,Android 11 One UI 3.1,6.5 inches,1080 x 2400 pixels,Super AMOLED Capacitive Touchscreen 16M Colors Multitouch  ,Corning Gorilla Glass 5,128/256 GB,4/6/8 GB,Yes,Qualcomm SM7125 Snapdragon 720G (8 nm),Adreno 618,Li-Po 4500 mAh non-removable,32 MP,No,4K@30fps 1080p@30fps,Yes,64 MP + 12 MP + 5 MP + 5 MP,4K@30fps 1080p@30/120fps; gyro-EIS,Yes,Yes,Yes,No,Yes,Yes (market/region dependent),
XiaomiRedmiNote10S,"Rs.35,999",2021 March 04,Dual SIM (Nano-SIM dual stand-by),160.5 x 74.5 x 8.3 mm,178.8 g,Android 11 MIUI 12.5,6.43 inches,1080 x 2400 pixels,AMOLED Capacitive Touchscreen 16M Colors Multitouch ,Corning Gorilla Glass 3,128 GB,6/8 GB,Yes,Mediatek Helio G95,Mali-G76 MC4,Li-Po 5000 mAh non-removable,13 MP,No,1080p@30fps,Yes,64 MP + 8 MP + 2 MP + 2 MP,4K@30fps 1080p@30/60/120fps 720p@960fps,Yes,Yes,Yes,No,No,Yes,Yes (market/region dependent)
SamsungGalaxyA72,"Rs.62,999",2021 March 17,Hybrid Dual SIM (Nano-SIM dual stand-by),165 x 77.4 x 8.4 mm,203 g,Android 11 One UI 3.1,6.7 inches,1080 x 2400 pixels,Super AMOLED Capacitive Touchscreen 16M Colors Multitouch  ,No,128/256 GB,8 GB ,Yes,Qualcomm SM7125 Snapdragon 720G,Adreno 618,Li-Ion 5000 mAh non-removable,32 MP,No,4K@30fps 1080p@30fps,Yes,64 MP + 8 MP + 12 MP + 5 MP,4K@30fps 1080p@30/120fps; gyro-EIS,Yes,Yes,Yes,No,No,Yes,Yes (market/region dependent)
VivoX60Pro5G,"Rs.129,999",2021 March 22,Dual SIM (Nano-SIM dual stand-by),158.5 x 73.2 x 7.59 mm,179 g,Android 11 Funtouch 11.1,6.56 inches,1080 x 2376 pixels,AMOLED Capacitive Touchscreen 16M Colors Multitouch  ,Corning Gorilla Glass 6,256 GB,12 GB,No,Qualcomm® Snapdragon™ 870,Adreno 650,Li-Po 4200 mAh non-removable,32 MP f/2.5,No,1080p@30fps,Yes,48 MP + 13 MP + 13 MP,4K@30/60fps 1080p@30/60fps gyro-EIS,Yes,Yes,Yes,Yes,No,Yes,Yes
XiaomiMi11Lite,"Rs.41,599",2021 March 29,Hybrid Dual SIM (Nano-SIM dual stand-by),160.5 x 75.7 x 6.8 mm,157 g,Android 11 MIUI 12,6.55 inches,1080 x 2400 pixels,AMOLED Capacitive Touchscreen 16M Colors Multitouch  ,Corning Gorilla Glass 6,128 GB,6/8 GB ,Yes,Qualcomm® SnapdragonTM 732G,Adreno 618,Li-Po 4250 mAh non-removable,16 MP,No,1080p@30/60fps 720p@120fps,Yes,64 MP + 8 MP + 5 MP,4K@30fps 1080p@30/60/120fps; gyro-EIS,Yes,Yes,Yes,No,No,Yes,Yes (market/region dependent)
XiaomiPocoX3Pro,"Rs.44,599",2021 March 22,Hybrid Dual SIM (Nano-SIM dual stand-by),165.3 x 76.8 x 9.4 mm,215 g,Android 11 MIUI 12 for POCO,6.67 inches,1080 x 2400 pixels,IPS LCD Capacitive Touchscreen 16M Colors Multitouch  ,Corning Gorilla Glass 6,128/256 GB,6/8 GB ,Yes,Qualcomm Snapdragon 860,Adreno 640,Li-Po 5160 mAh non-removable,20 MP f/2.2,No,1080p@30fps,Yes,48 MP + 8 MP + 2 MP + 2 MP,4K@30fps 1080p@30/60/120fps 720p@960fps gyro-EIS,Yes,Yes,Yes,No,FM radio recording,Yes,Yes (market/region dependent)
OppoF19Pro,"Rs.45,599",2021 March 08,Dual SIM (Nano-SIM dual stand-by),160.1 x 73.2 x 7.8 mm,172 g,Android 11 ColorOS 11.1,6.43 inches,1080 x 2400 pixels,Super AMOLED Capacitive Touchscreen 16M Colors Multitouch  ,Corning Gorilla Glass 5,128 GB,8 GB,Yes,MediaTek Helio P95,IMG 9XM-HP8 970MHz,Li-Po 4310 mAh non-removable,32MP,No,1080p@30fps,Yes,48 MP + 8 MP + 2 MP + 2 MP,4K@30fps 1080p@30/120fps; gyro-EIS,Yes,Yes,Yes,No,No,Yes,No
SamsungGalaxyA32,"Rs.37,299",2021 February 25,Dual SIM (Nano-SIM dual stand-by),158.9 x 73.6 x 8.4 mm,184 g,Android 11 One UI 3.0,6.4 inches,1080 x 2400 pixels,Super AMOLED Capacitive Touchscreen 16M Colors Multitouch  ,Corning Gorilla Glass 5,128 GB,6 GB,Yes,Mediatek Helio G80,Mali-G52 MC2,Li-Ion 5000 mAh non-removable,20 MP,No,1080p@30fps,Yes,64 MP + 8 MP + 5 MP + 5 MP,4K@30fps 1080p@30/120fps,Yes,Yes,Yes,No,No,Yes,Yes (market/region dependent)
SamsungGalaxyA02,"Rs.16,299",2021 January 27,Dual SIM (Nano-SIM dual stand-by),164 x 75.9 x 9.1 mm,206 g,Android 10 One UI 2.0,6.5 inches,720 x 1600 pixels,IPS LCD Capacitive Touchscreen 16M Colors Multitouch  ,No,32/64 GB,3 GB,Yes,Mediatek MT6739W,PowerVR GE8100,Li-Po 5000 mAh non-removable,5 MP,No,1080p@30fps,Yes,13 MP + 2 MP,1080p@30fps,Yes,Yes,Yes,No,FM radio,Yes,No
VivoY31,"Rs.33,999",2021 January 20,Dual SIM (Nano-SIM dual stand-by),163.9 x 75.3 x 8.4 mm,188 g,Android 11 Funtouch 11,6.58 inches,1080 x 2408 pixels,IPS LCD Capacitive Touchscreen 16M Colors Multitouch  ,No,128 GB,4 GB,Yes,Qualcomm SM6115 Snapdragon 662,Adreno 610,Li-Po 5000 mAh non-removable,16 MP f/2.0,No,1080p@30fps,Yes,48 MP + 2 MP + 2 MP,4K@30fps 1080p@30fps gyro-EIS,Yes,Yes,Yes,No,FM radio,Yes,No
XiaomiRedmi9T,"Rs.24,499",2021 January 08,Dual SIM (Nano-SIM dual stand-by),162.3 x 77.3 x 9.6 mm,198 g,Android 10 MIUI 12,6.53 inches,1080 x 2340 pixels,IPS LCD Capacitive Touchscreen 16M Colors Multitouch  ,Corning Gorilla Glass 3,64/128 GB,4/6 GB,Yes,Qualcomm SM6115 Snapdragon 662,Adreno 610,Li-Po 6000 mAh non-removable,8 MP f/2.0,No,1080p@30fps,Yes,48 MP + 8 MP + 2 MP + 2 MP,1080p@30fps,Yes,Yes,Yes,FM radio,Yes,Yes,
OppoReno5Pro5G,"Rs.97,600",2020 December 10,Dual SIM (Nano-SIM dual stand-by),159.7 x 73.2 x 7.6 mm,173 g,Android 11 ColorOS 11.1,6.55 inches,1080 x 2400 pixels,Super AMOLED Capacitive Touchscreen 16M Colors Multitouch  ,Corning Gorilla Glass 5,256 GB,12 GB,No,Mediatek MT6889Z Dimensity 1000+,Mali-G77 MC9,Li-Po 4350 mAh non-removable,32 MP,No,1080p@30fps gyro-EIS,Yes,64 MP + 8 MP + 2 MP + 2 MP,4K@30fps 1080p@30/60/120fps; gyro-EIS HDR,Yes,Yes,Yes,No,Yes,Yes (market/region dependent),
OppoA15s,"Rs.25,499",2020 December 18,Dual SIM (Nano-SIM dual stand-by),164 x 75.4 x 7.9 mm,177 g,Android 10 ColorOS 7.2,6.52 inches,720 x 1600 pixels,IPS LCD Capacitive Touchscreen 16M Colors Multitouch  ,No,64 GB,4 GB,Yes,Mediatek MT6765 Helio P35,PowerVR GE8320,Li-Po 4230 mAh non-removable,8 MP,No,1080p@30fps,Yes,13 MP + 2 MP + 2 MP,1080p@30fps,Yes,Yes,Yes,No,FM radio,Yes,No
OppoReno5,"Rs.56,600",2020 December 10,Dual SIM (Nano-SIM dual stand-by),159.1 x 73.4 x 7.9 mm,171 g,Android 11 ColorOS 11.1,6.4 inches,1080 x 2400 pixels,OLED Capacitive Touchscreen 16M Colors Multitouch ,No,128 GB,8 GB,No,Qualcomm SM7250 Snapdragon 765G,Adreno 618@750MHz,Li-Po 4300 mAh non-removable,44 MP  f/2.4,No,1080p@30fps gyro-EIS,Yes,64 MP + 8 MP + 2 MP + 2 MP,4K@30fps 1080p@30/60/120fps; gyro-EIS HDR,Yes,Yes,Yes,No,Yes,No,
XiaomiPocoM3,"Rs.24,599",2020 November 24,Dual SIM (Nano-SIM dual stand-by),162.3 x 77.3 x 9.6 mm,198 g,Android 10 MIUI 12,6.53 inches,1080 x 2340 pixels,IPS LCD capacitive touchscreen 16M colors,Corning Gorilla Glass 3,128 GB,4 GB,Yes,Qualcomm SM6115 Snapdragon 662,Adreno 610,Li-Po 6000 mAh non-removable,8 MP f/2.1,No,1080p@30fps,Yes,48 MP + 2 MP + 2 MP,1080p@30fps,Yes,Yes,Yes,No,FM radio,Yes,No
vivoY12s,"Rs.18,799",2020 November 16,Dual SIM (Nano-SIM dual stand-by),164.4 x 76.3 x 8.4 mm,191 g,Android 10 Funtouch 11,6.51 inches,720 x 1600 pixels,IPS LCD Capacitive Touchscreen 16M Colors Multitouch  ,No,32/128 GB,3/4 RAM,Yes,Mediatek MT6765 Helio P35,PowerVR GE8320,Li-Po 5000 mAh non-removable,8 MP,No,1080p@30fps,Yes,13 MP + 2 MP,1080p@30fps,Yes,Yes,Yes,No,FM radio,Yes,No
SamsungGalaxyA12,"Rs.26,299",2020 November 24,Dual SIM (Nano-SIM dual stand-by),164 x 75.8 x 8.9 mm,205 g,Android 10,6.5 inches,720 x 1600 pixels,IPS LCD Capacitive Touchscreen 16M Colors Multitouch  ,Corning Gorilla Glass ,64 GB,4 GB,Yes,Mediatek MT6765 Helio P35,PowerVR GE8320,Li-Po 5000 mAh non-removable,8 MP,Yes,1080p@30fps,Yes,48 MP + 5 MP + 2 MP + 2 MP,1080p@30fps,Yes,Yes,Yes,No,Yes,Yes ,
SamsungGalaxyA02s,"Rs.17,599",2020 November 24,Single SIM (Nano-SIM) or Dual SIM (Nano-SIM dual stand-by),164.2 x 75.9 x 9.1 mm ,196 g,Android 10,6.5 inches,720 x 1600 pixels,IPS LCD Capacitive Touchscreen 16M Colors Multitouch  ,No,32/64 GB,3/4 GB,Yes,Qualcomm SDM450 Snapdragon 450,Adreno 506,Li-Po 5000 mAh non-removable,5 MP,No,1080p@30fps,Yes,13MP + 2MP + 2MP,1080p@30fps,Yes,Yes,Yes,No,Yes,No,
AppleiPhone12Mini,"Rs.140,499",2020 October 13,Single SIM (Nano-SIM and/or eSIM),131.5 x 64.2 x 7.4 mm,135 g,iOS 14,5.4 inches,1080 x 2340 pixels,Super Retina XDR OLED HDR10 625 nits (typ) 1200 nits (peak),Scratch-resistant glass oleophobic coating,64/128/256 GB,4 GB,No,Apple A14 Bionic,Apple GPU (4-core graphics),Li-Ion 2227 mAh non-removable,12 MP f/2.2,No,4K@24/30/60fps 1080p@30/60/120fps gyro-EIS,Yes,12 MP + 12 MP,4K@24/30/60fps 1080p@30/60/120/240fps HDR Dolby Vision HDR (up to 30fps) stereo sound rec.,Yes,Yes,Yes,No,Yes,Yes,
AppleiPhone12Pro,"Rs.196,499",2020 October 13,Single SIM (Nano-SIM and/or eSIM) ,146.7 x 71.5 x 7.4 mm,189 g,iOS 14.1,6.1 inches,1170 x 2532 pixels,Super Retina XDR OLED HDR10 800 nits (typ) 1200 nits (peak),Scratch-resistant glass oleophobic coating,128/256/512 GB,6 GB ,No,Apple A14 Bionic,Apple GPU (4-core graphics),Li-Po 2815 mAh non-removable,12 MP f/2.2,No,4K@24/30/60fps 1080p@30/60/120fps gyro-EIS,Yes,12 MP + 12 MP + 12 MP,4K@24/30/60fps 1080p@30/60/120/240fps 10‑bit HDR Dolby Vision HDR (up to 60fps) stereo sound rec.,Yes,Yes,Yes,No,Yes,Yes,
vivoY20s,"Rs.29,300",2020 October 19,Dual SIM (Nano-SIM dual stand-by),164.4 x 76.3 x 8.4 mm,192.3 g,Android 10 Funtouch 10.5 or Funtouch 11,6.51 inches,720 x 1600 pixels,IPS LCD,No,128 GB,4 GB,Yes,Qualcomm SM4250 Snapdragon 460,Adreno 610,Li-Po 5000 mAh non-removable,8 MP f/1.8,No,1080p@30fps,Yes,13 MP + 2 MP + 2 MP,1080p@30fps,Yes,Yes,Yes,No,FM radio,Yes,No
OnePlusNordN105G,"Rs.57,500",2020 October 26,Dual SIM (Nano-SIM dual stand-by),163  x 74.7 x 9 mm,190 g,OxygenOS based on Android™ 10,6.49 inches,1080 x 2400 pixels,IPS LCD Capacitive Touchscreen 16M Colors Multitouch  ,Corning Gorilla Glass 3,128 GB, 6 GB,Yes,Qualcomm® Snapdragon™ 690 5G mobile platform,Adreno 619L,Li-Po 4300 mAh non-removable,16 MP,No,1080p@30/60fps gyro-EIS,Yes,64 MP + 8 MP + 2 MP + 2 MP,4K@30fps 1080p@30/60/120fps; gyro-EIS,Yes,Yes,Yes,Yes,No,Yes,Yes
HuaweiY7A,"Rs.32,999",2020 October 21,Dual SIM (Nano-SIM dual stand-by),6.52 x 3.03 x 0.37 in,206 g,Android 10 EMUI 10.1 no Google Play Services,6.67 inches,1080 x 2400 pixels,IPS LCD Capacitive Touchscreen 16M Colors Multitouch  ,No,128 GB,4 GB ,Yes,Kirin 710A,Mali-G51 MP4,Li-Po 5000 mAh non-removable,8 MP f/2.0,No,1080p@30fps,Yes,48 MP + 8 MP + 2 MP + 2 MP,1080p@30/60fps,Yes,Yes,Yes,No,No,Yes,No
OppoA15,"Rs.19,299",2020 October 15,Dual SIM (Nano-SIM dual stand-by),164 x 75.4 x 7.9 mm,175 g,Android 10 ColorOS 7.2,6.5 inches,720 x 1600 pixels,IPS LCD Capacitive Touchscreen 16M Colors Multitouch  ,No,32 GB,3 GB,Yes,Mediatek MT6765 Helio P35,PowerVR GE8320,Li-Po 4230 mAh non-removable,5 MP,No,No,Yes,13 MP + 2 MP + 2 MP,1080p@30fps,Yes,Yes,Yes,No,FM radio,Yes,No
OnePlus8T,"Rs.143,500",2020 October 14,Dual SIM (Nano-SIM dual stand-by),160.7 x 74.1 x 8.4 mm ,188 g,Android 11 OxygenOS 11,6.55 inches,1080 x 2400 pixels,Fluid AMOLED Capacitive Touchscreen 16M Colors Multitouch  ,Corning Gorilla Glass,128 GB,8 GB,No,Qualcomm SM8250 Snapdragon 865,Adreno 650,Li-Po 4500 mAh non-removable,16 MP f/2.4,No,1080p@30fps gyro-EIS,Yes,48 MP + 16 MP + 5 MP + 2 MP,4K@30/60fps 1080p@30/60/240fps Auto HDR gyro-EIS,Yes,Yes,Yes,Yes,No,Yes,Yes
InfinixNote8,"Rs.27,299",2020 October 15,Dual SIM (Nano-SIM dual stand-by),175.3 x 78.8 x 9 mm,,Android 10,6.95 inches,720 x 1640 pixels,IPS LCD Capacitive Touchscreen 16M Colors Multitouch  ,Corning Gorilla Glass,128 GB,6 GB ,Yes,Mediatek Helio G80 (12 nm),Mali-G52 MC2,Li-Po 5200 mAh non-removable,16 MP + 2 MP  ,Yes,1080p@30fps,Yes,64 MP + 2 MP + 2 MP + 2 MP,1440p@30fps,Yes,Yes,Yes,FM radio,Yes,No,
InfinixNote8i,"Rs.24,699",2020 October 15,Dual SIM (Nano-SIM dual stand-by),171.4 x 77.7 x 8.9 mm,,Android 10 XOS 7.1,6.78 inches,720 x 1640 pixels,IPS LCD Capacitive Touchscreen 16M Colors Multitouch  ,Corning Gorilla Glass,128 GB,6 GB,Yes,Mediatek Helio G80,Mali-G52 MC2,Li-Po 5200 mAh non-removable,8 MP,Yes,1080p@30fps,Yes,48 MP + 2 MP + 2 MP + 2 MP,1440p@30fps,Yes,Yes,Yes,FM radio,Yes,No,
TecnoCamon16,"Rs.30,599",2020 October 10,Dual SIM (Nano-SIM dual stand-by),170.61 x 77.18 x 9.1 mm,207 g,Android 10 HIOS 6.0,6.9 inches,1080 x 2460 pixels,IPS LCD capacitive touchscreen 16M colors,No,8 GB,128 GB,Yes,Mediatek Helio G90T,Mali-G52 2EEMC2,Li-Po 4500 mAh non-removable,16 MP,Yes,1080p@30fps,Yes,48 MP + 2 MP + 2 MP + 2 MP,1440p@30fps,Yes,Yes,Yes,No,FM radio,Yes,No
AppleiPhone12,"Rs.157,499",2020 October 13,Single SIM (Nano-SIM and/or eSIM),146.7 x 71.5 x 7.4 mm,164 g,iOS 14,6.1 inches,1170 x 2532 pixels,Super Retina XDR OLED HDR10 625 nits (typ) 1200 nits (peak),Scratch-resistant glass oleophobic coating,64/128/256 GB,4 GB,No,Apple A14 Bionic,Apple GPU (4-core graphics),Li-Po 2815 mAh non-removable,12 MP f/2.2,No,4K@24/30/60fps 1080p@30/60/120fps gyro-EIS,Yes,12 MP + 12 MP,4K@24/30/60fps 1080p@30/60/120/240fps HDR Dolby Vision HDR (up to 30fps) stereo sound rec.,Yes,Yes,Yes,No,Yes,Yes,
OnePlusNordN100,"Rs.34,300",2020 October 26,Dual SIM (Nano-SIM dual stand-by),164.9 x 75.1 x 8.5 mm ,188 g,Android 10 OxygenOS 10.5,6.52 inches,720 x 1600 pixels,IPS LCD,Corning Gorilla Glass 3,64GB,4GB ,Yes,Qualcomm SM4250 Snapdragon 460,Adreno 610,Li-Po 5000 mAh non-removable,8 MP f/2.0,No,1080p@30fps,Yes,13 MP + 2 MP + 2 MP,1080p@30fps gyro-EIS,Yes,Yes,Yes,No,No,Yes,No
AppleiPhone12ProMax,"Rs.209,999",2020 October 13,Single SIM (Nano-SIM and/or eSIM) ,160.8 x 78.1 x 7.4 mm,228 g,iOS 14,6.7 inches,1284 x 2778 pixels,Super Retina XDR OLED HDR10 800 nits (typ) 1200 nits (peak),Scratch-resistant glass oleophobic coating,128/256/512 GB,6 GB,No,Apple A14 Bionic,Apple GPU (4-core graphics),(Li-Po Non removable) 3687 mAh  ,12 MP f/2.2,No,4K@24/30/60fps 1080p@30/60/120fps gyro-EIS,Yes,12 MP + 12 MP + 12 MP,4K@24/30/60fps 1080p@30/60/120/240fps 10‑bit HDR Dolby Vision HDR (up to 60fps) stereo sound rec.,Yes,Yes,Yes,Yes,No,Yes,Yes
VivoV20SE,"Rs.38,999",2020 September 24,Dual SIM (Nano-SIM dual stand-by),161 x 74.1 x 7.8 mm ,171 g,Android 10 Funtouch 11,6.44 inches,1080 x 2400 pixels,AMOLED Capacitive Touchscreen 16M Colors Multitouch  ,Corning Gorilla Glass  ,128 GB,8 GB ,Yes,Qualcomm® Snapdragon™ 665,Adreno 610,Li-Po 4100 mAh non-removable,32 MP,No,1080p@30fps,Yes,48 MP + 8 MP + 2 MP ,1080p@30fps,Yes,Yes,Yes,No,FM radio,Yes,Yes
XiaomiMi10T,"Rs.60,499",2020 September 30,Dual SIM (Nano-SIM dual stand-by),165.1 x 76.4 x 9.3 mm,216 g,Android 10 MIUI 12,6.67 inches,1080 x 2400 pixels,IPS LCD Capacitive Touchscreen 16M Colors Multitouch  ,Corning Gorilla Glass 5,128 GB,6/8 GB ,No,Qualcomm SM8250 Snapdragon 865 (7 nm+),Adreno 650,Li-Po 5000 mAh non-removable,20 MP f/2.2,No,1080p@30fps 720p@120fps,Yes,64 MP + 13 MP + 5 MP ,8K@30fps 4K@30/60fps 1080p@30/60/120/240/960fps; gyro-EIS,Yes,Yes,Yes,No,No,Yes,Yes
Nokia3.4,"Rs.19,399",2020 September 22,Single SIM (Nano-SIM) or Dual SIM (Nano-SIM dual stand-by),161 x 76 x 8.7 mm,180 g,Android 10 planned upgrade to Android 11,6.39 inches,720 x 1560 pixels,IPS LCD capacitive touchscreen 16M colors,No,32/64 GB,3/4 GB,Yes,Octa-core (4x1.8 GHz Cortex-A73 & 4x1.8 GHz Cortex-A53),Adreno 610,Li-Po 4000 mAh non-removable,8 MP,No,1080p@30fps,Yes,13 MP + 5 MP + 2 MP,1080p@30fps,Yes,Yes,Yes,No,FM radio,Yes,No
VivoV20,"Rs.54,299",2020 September 30,Dual SIM (Nano-SIM dual stand-by),161.3 x 74.2 x 7.4 mm,171 g,Android 11 Funtouch 11,6.44 inches,1080 x 2400 pixels,AMOLED Capacitive Touchscreen 16M Colors Multitouch  ,No,128 GB,8 GB,Yes,Qualcomm SM7125 Snapdragon 720G,Adreno 618,Li-Po 4000 mAh non-removable,44 MP f/2.0,No,4K@30fps 1080p@30fps gyro-EIS,Yes,64 MP + 8 MP + 2 MP,4K@30fps 1080p@30/60fps gyro-EIS,Yes,Yes,Yes,FM radio,Yes,Yes,
Nokia2.4,"Rs.16,299",2020 September 22,Dual SIM (Nano-SIM dual stand-by),165.9 x 76.3 x 8.7 mm,195 g,Android 10 planned upgrade to Android 11,6.5 inches,720 x 1600 pixels,IPS LCD capacitive touchscreen 16M colors,No,32/64 GB,2/3 GB,Yes,Mediatek MT6762 Helio P22,PowerVR GE8320,Li-Po 4500 mAh non-removable,5 MP f/2.4,No,No,Yes,13 MP + 2 MP,1080p@30fps,Yes,Yes,Yes,No,FM radio,Yes,No
SamsungGalaxyS20FE,"Rs.112,000",2020 September,Hybrid Dual SIM Dual Standby (Nano-SIM)  ,159.8 x 74.5 x 8.4 mm,190 g,Android 10,6.5 inches,1440 x 2400 pixels,Super AMOLED capacitive touchscreen 16M colors,Corning Gorilla Glass 3,128 GB,8 GB,Yes,Octa-core (2x2.73 GHz Mongoose M5 & 2x2.50 GHz Cortex-A76 & 4x2.0 GHz Cortex-A55),Mali-G77 MP11,Li-Po 4500 mAh non-removable,32 MP f/2.0,Yes,4K@30/60fps 1080p@30fps,Yes,12 MP + 8 MP + 12 MP,4K@60fps 1080p@60/240fps ,Yes,Yes,Yes,No,Yes,Yes,
OppoF17,"Rs.35,799",2020 September 02,Dual SIM (Nano-SIM dual stand-by),159.8 x 72.8 x 7.5 mm,163 g,Android 10 ColorOS 7.2,6.44 inches,1080 x 2400 pixels,Super AMOLED Capacitive Touchscreen 16M Colors Multitouch,No,128 GB,8 GB,Yes,Qualcomm SM6115 Snapdragon 662,Adreno 610,Li-Po 4015 mAh non-removable,16 MP f/2.0,No,1080p@30fps,Yes,16 MP + 8 MP + 2 MP + 2 MP,1080p@30fps,Yes,Yes,Yes,FM radio,Yes,No,
Realme7i,"Rs.30,799",2020 September 17,Dual SIM (Nano-SIM dual stand-by),164.1 x 75.5 x 8.9 mm,188 g,Android 10 Realme UI,6.5 inches,720 x 1600 pixels,IPS LCD capacitive touchscreen 16M colors,Corning Gorilla Glass  ,128 GB,8 GB ,Yes,Qualcomm SM6115 Snapdragon 662 (11 nm),Adreno 610,Li-Po 5000 mAh non-removable,16 MP f/2.1,No,1080p@30/120fps,Yes,64 MP + 8 MP + 2 MP + 2 MP,4K@30fps 1080p@30/60fps gyro-EIS,Yes,Yes,Yes,No,No,Yes,No
VivoY51,"Rs.32,300",2020 September 15,Hybrid Dual SIM (Nano-SIM dual stand-by),159.3 x 75.2 x 8.7 mm,186.7 g,Android 10 Funtouch 10,6.38 inches,1080 x 2340 pixels,Super AMOLED capacitive touchscreen 16M colors,No,128 GB,4 GB,Yes,Octa-core (4x2.0 GHz Kryo 260 Gold & 4x1.8 GHz Kryo 260 Silver),Adreno 610,Li-Po 4500 mAh non-removable,16 MP f/2.0,No,1080p@30fps,Yes,48 MP + 8 MP + 2 MP + 2 MP,1080p@30fps,Yes,Yes,Yes,No,FM radio,Yes,No
RealmeC17,"Rs.28,500",2020 September 21,Dual SIM (Nano-SIM dual stand-by),164.1 x 75.5 x 8.9 mm,188 g,Android 10,6.5 inches,720 x 1600 pixels,IPS LCD 90Hz,Corning Gorilla Glass,128 GB,6 GB,Yes,Octa-core (4x1.8 GHz Kryo 240 & 4x1.6 GHz Kryo 240),Adreno 610,Li-Po 5000 mAh non-removable,8 MP f/2.0,No,1080p@30fps,Yes,13 MP + 8 MP + 2 MP + 2 MP,1080p@30fps,Yes,Yes,Yes,FM radio,Yes,No,
OppoF17Pro,"Rs.46,300",2020 September 02,Dual SIM (Nano-SIM dual stand-by),160.1 x 73.8 x 7.5 mm,164 g,Android 10 ColorOS 7.2,6.43 inches,1080 x 2400 pixels,Super AMOLED capacitive touchscreen 16M colors,Corning Gorilla Glass 3,128GB,8GB,Yes,Octa-core (2x2.2 GHz Cortex-A75 & 6x2.0 GHz Cortex-A55),PowerVR GM9446,Li-Po 4000 mAh non-removable,16 MP + 2 MP ,Yes,1080p@30fps,Yes,48 MP + 8 MP + 2 MP + 2 MP,4K@30fps 1080p@30fps,Yes,Yes,Yes,No,FM radio,Yes,No
Realme7Pro,"Rs.48,300",2020 September 03,Dual SIM (Nano-SIM dual stand-by),160.9 x 74.3 x 8.7 mm ,182 g,Android 10 Realme UI,6.4 inches,1080 x 2400 pixels,Super AMOLED capacitive touchscreen 16M colors,Corning Gorilla Glass 3,128GB,8GB,Yes,Qualcomm SM7125 Snapdragon 720G (8 nm),Adreno 618,Li-Po 4500 mAh non-removable,32 MP f/2.0,Yes,1080p@30/120fps gyro-EIS,Yes,64 MP + 8 MP + 2 MP + 2 MP,4K@30fps 1080p@30/60/120fps gyro-EIS,Yes,Yes,Yes,No,Yes,No  ,
XiaomiPocoX3NFC,"Rs.38,799",2020 September 07,Hybrid Dual SIM (Nano-SIM dual stand-by),165.3 x 76.8 x 9.4 mm,215 g,Android 10 MIUI 12,6.67 inches,1080 x 2400 pixels,IPS LCD capacitive touchscreen 16M colors,Corning Gorilla Glass 5,128 GB,6 GB ,Yes,Octa-core (2x2.3 GHz Kryo 470 Gold & 6x1.8 GHz Kryo 470 Silver),Adreno 618,Li-Po 5160 mAh non-removable,20 MP f/2.2,No,1080p@30fps,Yes,64 MP + 13 MP + 2 MP + 2 MP,4K@30fps 1080p@30/120fps 720p@960fps; gyro-EIS,Yes,Yes,Yes,No,FM radio recording,Yes,Yes
XiaomiMi10TLite,"Rs.46,799",2020 September 30,Dual SIM (Nano-SIM dual stand-by),165.3 x 76.8 x 9 mm,214.5 g,Android 10 MIUI 12,6.67 inches,1080 x 2400 pixels,IPS LCD capacitive touchscreen 16M colors,Corning Gorilla Glass 5,64/128 GB, 6 GB,No,Qualcomm SM7225 Snapdragon 750 5G,Adreno 619,Li-Po 4820 mAh non-removable,16 MP f/2.5,No,1080p@30fps,Yes,64 MP + 8 MP + 2 MP + 2 MP,4K 1080p gyro-EIS,Yes,Yes,Yes,No,No,Yes,Yes
SamsungGalaxyNote20,"Rs.179,999",August 2020,Single SIM (Nano-SIM and/or eSIM) or Hybrid Dual SIM (Nano-SIM dual stand-by),161.6 x 75.2 x 8.3 mm,222 g,Android 10 One UI 2.1,6.7 inches,1080 x 2400 pixels,Super AMOLED capacitive touchscreen 16M colors,Gorilla Glass ,256 GB,8 GB,No,Octa-core (2x2.73 GHz Mongoose M5 & 2x2.50 GHz Cortex-A76 & 4x2.0 GHz Cortex-A55),Mali-G77 MP11 - Global,Non-removable Li-Ion 4300 mAh battery,10 MP f/2.2,Yes,4K@30/60fps 1080p@30fps,Yes, 12MP + 12MP + 64 MP,8K@24fps 4K@30/60fps 1080p@30/60/240fps 720p@960fps,Yes,Yes,Yes,FM radio,Yes,Yes,
SamsungGalaxyNote20Ultra,"Rs.207,100",August 2020,Single SIM (Nano-SIM and/or eSIM) or Hybrid Dual SIM (Nano-SIM dual stand-by),164.8 x 77.2 x 8.1 mm,198 g,Android 10 One UI 2.1,6.9 inches,1440 x 3200 pixels,Dynamic AMOLED 2X capacitive touchscreen 16M colors,Corning Gorilla Glass 7,256 GB,8 GB,No,Octa-core (2x2.73 GHz Mongoose M5 & 2x2.50 GHz Cortex-A76 & 4x2.0 GHz Cortex-A55) l,Mali-G77 MP11 ,Non-removable Li-Ion 4500 mAh battery,10 MP f/2.2,Yes,4K@30/60fps 1080p@30fps,Yes, 12MP + 108MP + 12MP,8K@24fps 4K@30/60fps 1080p@30/60/240fps 720p@960fps HDR10+,Yes,Yes,Yes,FM radio,Yes,Yes,
InfinixSmart5,"Rs.13,699",2020 August 13,Dual SIM (Nano-SIM dual stand-by),165.4 x 76.4 x 8.8 mm,183 g,Android 10 (Go edition),6.6 inches,720 x 1600 pixels,IPS LCD capacitive touchscreen 16M colors,No,32/64 GB,2/3 GB,Yes,Mediatek MT6761D Helio A20,PowerVR GE8320,Li-Po 5000 mAh non-removable,8 MP,Yes,1080p@30fps,Yes,13 MP,1080p@30fps,Yes,Yes,Yes,FM radio,Yes,No,
OppoA53,"Rs.26,300",2020 August 20,Hybrid Dual SIM (Nano-SIM dual stand-by),163.9 x 75.1 x 8.4 mm,186 g,Android 10 ColorOS 7.2,6.5 inches,720 x 1600 pixels,IPS LCD capacitive touchscreen 16M colors,Corning Gorilla Glass,64/128GB,4/6GB,Yes,Octa-core (4x1.8 GHz Kryo 240 & 4x1.6 GHz Kryo 240),Adreno 610,Li-Po 5000 mAh non-removable,16 MP f/2.0,No,1080p@30fps,Yes,13 MP + 2 MP + 2 MP,1080p@30fps,Yes,Yes,Yes,FM radio,Yes,No  ,
XiaomiRedmi9A,"Rs.14,599",2020 July 07,Dual SIM (Nano-SIM dual stand-by),164.9 x 77.07 x 9.0 mm, 194 g,Android 10 MIUI 12,6.53 inches,720 x 1600 pixels,IPS LCD capacitive touchscreen 16M colors,No,32GB,2GB,Yes,Octa-core 2.0 GHz Cortex-A53,PowerVR GE8320 (650 MHz),Non-removable Li-Po 5000 mAh battery,5 MP,No,1080p@30fps,Yes,13 MP,1080p@30fps,Yes,Yes,Yes,No,Yes,Yes,No
OnePlusNord,"Rs.87,400",2020 July 21,Dual SIM (Nano-SIM dual stand-by),158.3 x 73.3 x 8.2 mm,184 g,Android 10 OxygenOS 10.5.4,6.44 inches,1080 x 2400 pixels,Fluid AMOLED capacitive touchscreen 16M colors,Corning Gorilla Glass 5,128 GB,8 GB,No,Octa-core (1x2.4 GHz Kryo 475 Prime & 1x2.2 GHz Kryo 475 Gold & 6x1.8 GHz Kryo 475 Silver),Adreno 620,Li-Po 4115 mAh non-removable,32 MP + 8 MP ,Yes,4K@30/60fps 1080p@30/60fps,Yes,48 MP + 8 MP + 5 MP + 2 MP,4K@30fps 1080p@30/60/240fps gyro-EIS,Yes,Yes,Yes,Yes,No,Yes,Yes
TecnoPop3,"Rs.8,599",June 2020,Dual SIM (Nano-SIM dual stand-by),6.0 x 2.96 x 0.39 inches,,Android 9.0 (Pie),5.7 inches,480 x 960,IPS touchscreen,,16GB,1GB,microSD,Mediatek MT6580P Quad-core 1.3 GHz Cortex-A7,Mali-400 MP2,Li-Po 3500 mAh,5 MP,Yes,Yes,Yes,8 MP,Yes,Yes,Yes,No,Yes,Yes,No,
XiaomiRedmi9C,"Rs.16,899",2020 June 30,Dual SIM (Nano-SIM dual stand-by),6.49 x 3.03 x 0.35 mm,196 g,Android 10 MIUI 12,6.53 inches,720 x 1600 pixels,IPS LCD capacitive touchscreen 16M colors,No,32/64 GB,2/3 GB,microSDXC (dedicated slot),MediaTek Helio G35,PowerVR GE8320 (680 MHz),Non-removable Li-Po 5000 mAh battery,5 MP,No,1080p@30fps,Yes,13 MP + 5 MP + 2 MP,1080p@30fps,Yes,Yes,Yes,No,FM radio,Yes,Yes
XiaomiRedmi9,"Rs.24,799",2020 June 10,Dual SIM (Nano-SIM dual stand-by),6.43 x 3.03 x 0.36 mm,198 g,Android 10 MIUI 12,6.53 inches,1080 x 2340 pixels,IPS LCD capacitive touchscreen 16M colors,Corning Gorilla Glass 3,32GB 64GB,3GB  4GB,Yes,Mediatek Helio G80,Mali-G52 MC2,Non-removable Li-Po 5020 mAh battery,8 MP f/2,No,1080p@30fps,Yes,13 MP + 8 MP + 5 MP + 2 MP,1080p@30fps,Yes,Yes,Yes,No,Wireless FM radio (no wired headphones required),Yes,Yes (market/region dependent)
RealmeX3SuperZoom,"Rs.75,300",2020 May 26,Dual SIM (Nano-SIM dual stand-by),6.45 x 2.98 x 0.35 in,202 g,Android 10 Realme UI,6.6 inches,1080 x 2400 pixels,IPS LCD capacitive touchscreen 16M colors,Corning Gorilla Glass 5,128GB Or 256GB,8GB Or 12GB RAM,No,Qualcomm SM8150 Snapdragon 855+,Adreno 640 (700 MHz),Non-removable Li-Po 4200 mAh battery,Dual 32 MP + 8 MP,No,1080p@30fps gyro-EIS,Yes,64 MP + 8 MP + 8 MP + 2 MP,4K@30/60fps 1080p@30/60fps 720p@960fps; gyro-EIS,Yes,Yes,Yes,No,Yes,,
POCOF2Pro,"Rs.105,600",2020 May 12,Dual SIM (Nano-SIM dual stand-by),6.43 x 2.97 x 0.35 in,219 g,Android 10 MIUI 11,6.67 inches,1080 x 2400 pixels,Super AMOLED capacitive touchscreen 16M colors,Corning Gorilla Glass 5,128GB 256GB,6GB 8GB RAM,No,Qualcomm SM8250 Snapdragon 865,Adreno 650,Non-removable Li-Po 4700 mAh battery,Motorized,No,1080p@30fps 720p@120fps,Yes,64 MP + 5 MP + 13 MP + 2 MP,8K@24/30fps 4K@30/60fps 1080p@30/60/120/240fps 1080p@960fps; gyro-EIS,Yes,Yes,Yes,No,Yes,Yes,
SamsungGalaxyA21s,"Rs.29,999",2020 May 15,Single SIM (Nano-SIM) or Dual SIM (Nano-SIM dual stand-by),163.7 x 75.3 x 8.9 mm,192 g,Android 10 One UI 2.0,6.5 inches,720 x 1600 pixels,PLS TFT capacitive touchscreen 16M colors,No,64/128 GB,4GB,Yes,Exynos 850,Mali-G52,Li-Po 5000 mAh non-removable,13 MP f/2.2,Yes,1080p@30fps,Yes,48 MP + 8 MP + 2 MP + 2 MP,1080p@30fps,Yes,Yes,Yes,No,Yes,Yes,
HuaweiY8p,"Rs.32,199",2020 May 18,Hybrid Dual SIM (Nano-SIM dual stand-by),6.20 x 2.88 x 0.31 in,163 g,Android 10 EMUI 10.1 no Google Play Services,6.3 inches,1080 x 2400 pixels,OLED capacitive touchscreen 16M colors,No,128GB,6GB ,NM (Nano Memory) up to 256GB (uses shared SIM slot),Kirin 710F,Mali-G51 MP4,Non-removable Li-Po 4000 mAh battery,16 MP,No,1080p@30fps,Yes,48 MP + 8 MP + 2 MP,1080p@30fps,Yes,Yes,Yes,FM radio,Yes,Yes,
TecnoSpark5Pro,"Rs.17,499",May 2020,Dual SIM (Nano-SIM dual stand-by),6.4 x 3.0 x 0.34 mm,,Android 10 HIOS 6.1,6.6 Inches,720 x 1600 pixels,IPS LCD capacitive touchscreen 16M colors Multitouch,No,64GB and 128GB,4GB,MicroSDXC (dedicated slot),Octa-Core Processor Android Q,Non-removable Li-Po 5000 mAh battery,8 MP,No,Yes,Yes,16 MP,Yes,Yes,Yes,Yes,No,FM radio,Yes,No,
HuaweiY6P,"Rs.19,899",2020 May 05,Single SIM (Nano-SIM) or Dual SIM (Nano-SIM dual stand-by),6.26 x 2.92 x 0.35 in,185 g,Android 10 EMUI 10.1 no Google Play Services,6.3 inches,720 x 1600 pixels,IPS LCD capacitive touchscreen 16M colors,64GB,3GB,microSDXC (dedicated slot),Mediatek MT6762R Helio P22,PowerVR GE8320,Non-removable Li-Po 5000 mAh battery,8 MP,No,1080p@30fps,Yes,13 MP + 5 MP + 2 MP,1080p@30fps,Yes,Yes,Yes,No,FM radio; built-in antenna,Yes,Yes (market/region dependent),
HuaweiY5p,"Rs.14,099",2020 May 05,Single SIM (Nano-SIM) or Dual SIM (Nano-SIM dual stand-by),5.77 x 2.79 x 0.33 in,144 g,Android 10 EMUI 10.1 no Google Play Services,5.45 inches,720 x 1440 pixels,IPS LCD capacitive touchscreen 16M colors,No,32GB,2GB,microSDXC (dedicated slot),Mediatek MT6762R Helio P22,PowerVR GE8320,Non-removable Li-Po 3020 mAh battery,5 MP,No,1080p@30fps,Yes,8 MP,1080p@30fps,Yes,Yes,Yes,FM radio,Yes,No,
VivoY30,"Rs.27,499",2020 May 07,Dual SIM (Nano-SIM dual stand-by),6.38 x 3.01 x 0.36 in,197 g,Android 10 Funtouch 10.0,6.47 inches,720 x 1560 pixels,IPS LCD capacitive touchscreen 16M colors,64GB 128GB,4GB ,Unspecified,Mediatek MT6765 Helio P35,PowerVR GE8320,Non-removable Li-Po 5000 mAh battery,8 MP,No,1080p@30fps,Yes,13 MP + 8 MP + 2 MP + 2 MP,1080p@30fps,Yes,Yes,Yes,FM radio,Yes,No,,
OnePlus8Pro,"Rs.183,400",2020 April 14,Dual SIM (Nano-SIM dual stand-by),165.3 x 74.4 x 8.5 mm,199 g,Android 10.0; OxygenOS 10.0,6.78 inches,1440 x 3168 pixels,Fluid AMOLED capacitive touchscreen 1B colors,Corning Gorilla Glass,128 GB,8 GB,No,Qualcomm SM8250 Snapdragon 865 (7 nm+),Adreno 650,Li-Po 4510 mAh non-removable,16 MP f/2.5,Yes,1080p@30fps,Yes,48 MP + 8 MP + 5 MP,4K@30/60fps 1080p@30/60/240fps,Yes,Yes,Yes,No,Yes,Yes,
XiaomiRedmiNote9,"Rs.29,799",2020 April 30,Dual SIM (Nano-SIM dual stand-by),6.39 x 3.04 x 0.35 mm,199 g,Android 10 MIUI 11,6.53 inches,1080 x 2340 pixels,IPS LCD capacitive touchscreen 16M colors,Corning Gorilla Glass 5,128GB,4GB,microSDXC (dedicated slot),MediaTek Helio G85,Mali-G52 MC2,Non-removable Li-Po 5020 mAh battery,13 MP,No,1080p@30fps,Yes,48 MP + 8 MP + 2 MP + 2 MP,1080p@30fps,Yes,Yes,Yes,No,FM radio,Yes,Yes (region dependent)
ItelS15Pro,"Rs.12,999",2020 April 16,Dual SIM,156.7 x 74.7 x 8.9 mm,153g,Android™ 9 Pie,6.1 inches,720 x 1520 pixels,IPS LCD Touchscreen,No,32GB,2GB,MicroSD Card (supports up to 128GB),Quad-core 1.6GHz,No,Non-removable Li-Po 3000 mAh battery,16 MP,No,1080p@30fps,Yes,8 MP + 2 MP + 2 MP,2160p@30fps1080p@30fps,Yes,HSDPA 850 / 900 / 2100,4G LTE,FM radio,Yes,No,
HuaweiHonor9XLite,"Rs.29,999",2020 April 17,Hybrid Dual SIM (Nano-SIM dual stand-by),160.4 x 76.6 x 7.8 mm,188 g ,Android 9.0 (Pie) EMUI 9.1,6.5 inches,1080 x 2340 pixels,IPS LCD capacitive touchscreen 16M colors,No,128 GB,4 GB ,Yes,Octa-core (4x2.2 GHz Cortex-A73 & 4x1.7 GHz Cortex-A53),Mali-G51 MP4,Non-removable Li-Po 3750 mAh battery,8 MP f/2.0,No,1080p@30fps,Yes,48 MP + 2 MP,1080p@30fps,Yes,Yes,Yes,FM radio,Yes,Yes,
XiaomiMiNote10Lite,"Rs.57,999",2020 April 30,Dual SIM (Nano-SIM dual stand-by),6.21 x 2.92 x 0.38 in,204 g,Android 10; MIUI 11,6.47 inches,1080 x 2340 pixels,AMOLED capacitive touchscreen 16M colors,Corning Gorilla Glass 5,64GB 128GB,6GB 8GB,No,Snapdragon 730G,Adreno 618,Non-removable Li-Po 5260 mAh battery,16 MP,No,1080p@30fps,Yes,64 MP 8 MP 5 MP 2 MP,1080p@30fps,Yes,Yes,Yes,No,Yes,Yes,
OnePlus8,"Rs.126,000",2020 April 14,Dual SIM (Nano-SIM dual stand-by),160.2 x 72.9 x 8 mm,180 g,Android 10 OxygenOS 10.0,6.55 inches,1080 x 2400 pixels,Fluid AMOLED capacitive touchscreen 16M colors,Corning Gorilla Glass 5,128 GB,8 GB,No,Octa-core,Adreno 650,Non-removable Li-Po 4300 mAh battery,16 MP f/2.0,Yes,1080p@30fps,Yes,48 MP f/1.8,4K@30/60fps 1080p@30/60/240fps,Yes,Yes,Yes,No,Yes,Yes,
MotorolaMotoE6s(2020),"Rs.14,899",2020 March 17,Single SIM (Nano-SIM) or Dual SIM (Nano-SIM dual stand-by),155.6 x 73 x 8.5 mm,160 g,Android 9.0 (Pie),6.1 inches,720 x 1560 pixels,IPS LCD capacitive touchscreen 16M colors,No,32 GB,2 GB,Yes,Octa-core 2.0 GHz Cortex-A53,PowerVR GE8320,Removable Li-Po 3000 mAh battery,5 MP f/2.2,No,1080p@30fps,Yes,13 MP + 2 MP,1080p@30fps,Yes,Yes,Yes,FM radio,Yes,No,
Nokia5310(2020),"Rs.6,599",2020 March 19,Dual SIM (Mini-SIM dual stand-by),123.7 x 52.4 x 13.1 mm,88.2 g,No,2.4 inches,240 x 320 pixels,LCD TFT Display  ,No,16 MB,8 MB,Yes,Mediatek MT6260A,No,Li-Ion 1200 mAh removable,No,No,No,Yes,VGA,Yes,Yes,No,No,No,FM radio,Yes,No
InfinixS5Pro,"Rs.23,499",2020 March 6,Dual SIM (Nano-SIM dual stand-by),6.40 x 3.03 x 0.35 in,195 g,Android 10.0,6.53 inches,1080 x 2340 pixels,IPS LCD capacitive touchscreen 16M colors,Corning Gorilla Glass ,64GB and 128GB,4GB and 6GB,microSDXC (dedicated slot),Octa-core (4x2.3 GHz Cortex-A53 & 4x1.8 GHz Cortex-A53),PowerVR GE8320,Non-removable Li-Po 4000 mAh battery,Motorized,16 Mp,1080p@30fps,Yes,48 MP,1080p@30fps,Yes,Yes,Yes,FM radio,Yes,No,
SamsungGalaxyM11,"Rs.23,799",2020 March 30,Dual SIM (Nano-SIM dual stand-by),161.4 x 76.3 x 9 mm,197 g,Android 10 One UI 2.0,6.4 inches,720 x 1560 pixels,PLS TFT capacitive touchscreen 16M colors,No,32 GB,3 GB ,Yes,Octa-core 1.8 GHz Cortex-A53,Adreno 506,Li-Ion 5000 mAh non-removable,8 MP,No,1080p@30fps,Yes,13 MP + 5 MP + 2 MP,1080p@30fps,Yes,Yes,Yes,FM radio,Yes,No,
Realme6i,"Rs.29,999",2020 March 17,Dual SIM (Nano-SIM dual stand-by),6.47 x 2.97 x 0.35 in,199 g,Android 10.0; Realme UI,6.5 inches,720 x 1600 pixels,IPS LCD capacitive touchscreen 16M colors,Corning Gorilla Glass 3,128GB,4GB,Yes,Octa-core (2x2.0 GHz Cortex-A75 & 6x1.8 GHz Cortex-A55),Mali-G52 MC2,Non-removable Li-Po 5000 mAh battery,16 MP,No,1080p@30fps,Yes,48 MP,1080p@30fps gyro-EIS,Yes,Yes,Yes,FM radio,Yes,No,
SamsungGalaxyZFlip,"Rs.246,000",2020 February 11,Nano-SIM eSIM,Unfolded: 167.3 x 73.6 x 7.2 mm Folded: 87.4 x 73.6 x 17.3 mm,183 g,Android 10 One UI 2,6.7 inches,1080 x 2636 pixels,Foldable Dynamic AMOLED capacitive touchscreen 16M colors,No,256GB,8GB ,No,Octa-core (1x2.95 GHz Kryo 485 & 3x2.41 GHz Kryo 485 & 4x1.78 GHz Kryo 485),Adreno 640 (700 MHz),Li-Po 3300 mAh non-removable,10 MP f/2.4,Yes,4K@30fps,Yes,12 MP + 12 MP,4K@30/60fps 1080p@60/240fps 720p@960fps HDR10+,Yes,Yes,Yes,No,No,Yes,Yes
RealmeC3,"Rs.19,999",2020 February 19,Dual SIM (Nano-SIM dual stand-by),6.47 x 2.95 x 0.35 in,195 g,Android 10.0; realme UI 1.0,6.5 inches,720 x 1600 pixels,IPS LCD capacitive touchscreen 16M colors,Corning Gorilla Glass 3,32GB,32GB 3GB RAM 64GB 4GB RAM,microSDXC (dedicated slot),Octa-core (2x2.0 GHz Cortex-A75 & 6x1.7 GHz Cortex-A55),Mali-G52 2EEMC2,Non-removable Li-Po 5000 mAh battery,5 MP,No,1080p@30fps,Yes,13 MP,1080p@30fps,Yes,Yes,Yes,FM radio,Yes,No,
HuaweiY7p,"Rs.27,599",2020 February 6,Hybrid Dual SIM (Nano-SIM dual stand-by),6.29 x 3.00 x 0.32 inches,176 g,Android 9.0 (Pie) EMUI 9.1,6.39 inches,720 x 1560 pixels,IPS LCD capacitive touchscreen 16M colors,Capacitive Multi-touch Scratch resistant,64GB,4GB,Yes,Octa-core (4x2.2 GHz Cortex-A73 & 4x1.7 GHz Cortex-A53),Mali-G51 MP4,Non-removable Li-Po 4000 mAh battery,8 MP f/2.0,No,1080p@30fps,Yes,48 MP + 8 MP + 2 MP,1080p@30fps,Yes,Yes,Yes,FM radio,Yes,No,
SamsungGalaxyS20Ultra,"Rs.213,999",2020 February 11,Single SIM (Nano-SIM and/or eSIM) or Hybrid Dual SIM (Nano-SIM dual stand-by),6.57 x 2.99 x 0.35 in,220 g,Android 10 One UI 2,6.9 inches,1440 x 3200 pixels,Dynamic AMOLED 2X capacitive touchscreen 16M colors,Corning Gorilla Glass 6,128GB,12GB,microSDXC (uses shared SIM slot),Octa-core (2 x 2.73 GHz Mongoose M5 & 2 x 2.60 GHz Cortex-A76 + 4 x 2.0 GHz Cortex-A55) ,Mali-G77 MP11Adreno 650,Non-removable Li-Po 5000 mAh battery,40 MP,No,4K@30/60fps 1080p@30fps,Yes,108 MP + 48 MP + 12 MP + 0.3 MP,8K@24fps 4K@30/60fps 1080p@30/60/240fps 720p@960fps HDR10+ stereo sound rec. gyro-EIS & OIS,Yes,Yes,Yes,No,Yes,Yes,
SamsungGalaxyS20,"Rs.155,999",2020 February 11,Single SIM (Nano-SIM and/or eSIM) or Hybrid Dual SIM (Nano-SIM dual stand-by),5.97 x 2.72 x 0.31 in,163 g,Android 10.0; One UI 2,6.2 inches,1440 x 3200 pixels,Dynamic AMOLED 2X capacitive touchscreen 16M colors,Corning Gorilla Glass 6,128GB,8GB ,microSDXC (uses shared SIM slot),Octa-core (2x2.73 GHz Mongoose M5 & 2x2.50 GHz Cortex-A76 & 4x2.0 GHz Cortex-A55) - GlobalOcta-core (1x2.84 GHz Kryo 585 & 3x2.42 GHz Kryo 585 & 4x1.8 GHz Kryo 585) - USA,Mali-G77 MP11 - GlobalAdreno 650 - USA,Non-removable Li-Po 4000 mAh battery,10 MP,No,2160p@30/60fps 1080p@30fps,Yes,12 MP + 64 MP + 12 MP,4320p@24fps 2160p@30/60fps 1080p@30/60/240fps 720p@960fps HDR10+ dual-video rec. stereo sound rec. gyro-EIS & OIS,Yes,Yes,Yes,No,FM radio (USA & Canada only),Yes,Yes
HuaweiNova7i,"Rs.39,999",2020 January,Hybrid Dual SIM (Nano-SIM dual stand-by),6.27 x 3.00 x 0.34 in,183 g,Android 10.0; EMUI 10,6.4 inches,1080 x 2310 pixels,LTPS IPS LCD capacitive touchscreen 16M colors ,Capacitive Multi-touch,128GB,8GB RAM,NM (Nano Memory) up to 256GB (uses shared SIM slot),Octa-core (2x2.27 GHz Cortex-A76 & 6x1.88 GHz Cortex-A55),Mali-G52 MP6,Non-removable Li-Po 4200 mAh battery,16 MP,No,1080p@30fps,Yes,48 MP + 8 MP + 2 MP + 2 MP,2160p@30fps 1080p@30fps,Yes,Yes,Yes,FM radio,Yes,Yes (market/region dependent),
HuaweiY6s(2019),"Rs.18,999",2020 January,Dual SIM (Nano-SIM dual stand-by),6.15 x 2.89 x 0.31 in,150 g,Android 9.0 (Pie); EMUI 9.1,6.09 inches,720 x 1560 pixels,IPS LCD capacitive touchscreen 16M colors,Corning Gorilla Glass ,64GB,3GB RAM,Yes,Octa-core (4x2.3 GHz Cortex-A53 & 4x1.8 GHz Cortex-A53),PowerVR GE8320,Non-removable Li-Po 3020 mAh battery,8 MP,Yes,1080p@30fps,Yes,13 MP,1080p@30fps,Yes,Yes,Yes,FM Radio built-in antenna,Yes,Yes (JAT-LX1 NFC only),
SamsungGalaxyA51,"Rs.47,299",2019 December,Single SIM (Nano-SIM) or Dual SIM (Nano-SIM dual stand-by),6.24 x 2.90 x 0.31 inches,172 g,Android 10.0; One UI 2,6.5 inches,1080 x 2400 pixels,Super AMOLED capacitive touchscreen 16M colors,Corning Gorilla Glass 3,128 GB,6/8 GB,Yes,Octa-core (4x2.3 GHz Cortex-A73 & 4x1.7 GHz Cortex-A53),Mali-G72 MP3,Non-removable Li-Po 4000 mAh battery,32 MP f/2.2,Yes,1080p@30fps,Yes,48 MP + 12 MP + 5 MP + 5 MP,2160p@30fps 1080p@30/60/120fps; gyro-EIS,Yes,Yes,Yes,FM radio,Yes,Yes,
NokiaC1,"Rs.7,999",2019 December,Dual SIM (Nano-SIM dual stand-by),5.81 x 2.81 x 0.34 inches,155 g,Android 9.0 Pie (Go edition),5.45 inches,480 x 960 pixels,IPS LCD Capacitive Touchscreen 16M Colors Multitouch ,Yes,16GB,1GB ,Yes,Quad-core 1.3 GHz,,Removable Li-Ion 2500 mAh battery,5 MP,Yes,720p@30fps,Yes,5 MP,720p@30fps,Yes,Yes,No,FM radio,Yes,Yes (market dependent),
VivoV17,"Rs.50,999",2019 December,Hybrid Dual SIM (Nano-SIM dual stand-by),6.26 x 2.92 x 0.33 inches,176 g,Android 9.0 (Pie); Funtouch 9.2,6.44 inches,1080 x 2400 pixels,Super AMOLED capacitive touchscreen 16M colors,IPS LCD Capacitive Touchscreen 16M Colors Multitouch,128GB,8GB,microSDXC (uses shared SIM slot),Octa-core (2x2.0 GHz Kryo 460 Gold & 6x1.7 GHz Kryo 460 Silver),Adreno 612,Non-removable Li-Po 4500 mAh battery,32 MP,No,1080p@30fps,Yes,48 MP + 8 MP + 2 MP + 2 MP,1080p@30fps,Yes,Yes,Yes,FM radio,Yes,No,
SamsungGalaxyA71,"Rs.63,699",2019 December,Single SIM (Nano-SIM) or Dual SIM (Nano-SIM dual stand-by),6.44 x 2.99 x 0.30 in,179 g,Android 10.0; One UI 2,6.7 inches,1080 x 2400 pixels,Super AMOLED Plus capacitive touchscreen 16M colors,Corning Gorilla Glass 3,128GB,8GB,Yes,Octa-core (2x2.2 GHz Kryo 470 Gold & 6x1.8 GHz Kryo 470 Silver),Adreno 618,Non-removable Li-Po 4500 mAh battery,32 MP f/2.2,No,1080p@30fps,Yes,64 MP f/1.8,2160p@30fps 1080p@30/60/240fps 1080p@960fps; gyro-EIS,Yes,Yes,Yes,FM radio,Yes,Yes (market dependent),
VivoY19,"Rs.29,099",2019 November,Single SIM (Nano-SIM) or Dual SIM (Nano-SIM dual stand-by),6.39 x 3.01 x 0.35 inches,193 g,Android 9.0 (Pie); Funtouch 9.2,6.53 inches,1080 x 2340 pixels,IPS LCD Capacitive Touchscreen 16M Colors Multitouch ,Capacitive Multi-touch Scratch resistant,128GB,128GB 6GB RAM 128GB 8GB RAM,microSDXC (dedicated slot),Octa-core (2x2.0 GHz Cortex-A75 & 6x1.7 GHz Cortex-A55),Mali-G52 MC2,Non-removable Li-Po 5000 mAh battery,16 MP,No,1080p@30fps,Yes,16 MP,1080p@30fps,Yes,Yes,Yes,FM radio,Yes,Yes (market dependent),
XiaomiMiNote10Pro,"Rs.89,999",2019 November,Dual SIM (Nano-SIM dual stand-by),6.21 x 2.92 x 0.38 in,208 g,Android 9.0 (Pie); MIUI 11,6.47 inches,1080 x 2340 pixels,AMOLED capacitive touchscreen 16M colors,Corning Gorilla Glass 5,256GB,8GB ,No,Octa-core (2x2.2 GHz Kryo 470 Gold & 6x1.8 GHz Kryo 470 Silver),Adreno 618,Non-removable Li-Po 5260 mAh battery,32 MP,Yes,1080p@30fps,Yes,108 MP + 12 MP + 20 MP +5 MP + 2 MP,2160p@30fps 1080p@30/60/120/240fps 720p@960fps,Yes,Yes,Yes,FM radio,Yes,Yes,
XiaomiMiNote10,"Rs.79,999",2019 November,Dual SIM (Nano-SIM dual stand-by),157.8 x 74.2 x 9.67 mm,208 g,Android 9.0 (Pie); MIUI 11,6.47 inches,1080 x 2340 pixels,AMOLED capacitive touchscreen 16M colors,Corning Gorilla Glass 5,128GB,6GB RAM,No,Qualcomm® Snapdragon™ 730G,Adreno 618,Non-removable Li-Po 5260 mAh battery,32 MP f/2.0,No,1080p@30fps,Yes,108 MP + 12 MP + 20 MP +5 MP + 2 MP,2160p@30fps 1080p@30/60/120/240fps 720p@960fps,Yes,Yes,Yes,FM radio,Yes,Yes,
MotorolaMotoOneMacro,"Rs.29,999",2019 October,Hybrid Dual SIM (Nano-SIM dual stand-by),6.20 x 2.97 x 0.35 inches,186 g,Android 9.0 (Pie),6.2 inches,720 x 1520 pixels,IPS LCD Capacitive Touchscreen 16M Colors Multitouch ,Capacitive Multi-touch Scratch resistant,64GB,4GB,Yes,Octa-core (4x2.0 GHz Cortex-A73 & 4x2.0 GHz Cortex-A53),Mali-G72 MP3,Non-removable Li-Po 4000 mAh battery,8 MP,No,1080p@30fps,Yes,13 MP,1080p@30/60/120fps,Yes,Yes,Yes,FM radio,Yes,Yes (market dependent),
HuaweiHonor9x,"Rs.38,300",2019 October,Hybrid Dual SIM (Nano-SIM dual stand-by),6.44 x 3.04 x 0.35 inches,196.8 g,Android 9.0 (Pie); EMUI 9.1,6.59 inches,1080 x 2340 pixels,LTPS IPS LCD capacitive touchscreen 16M colors,Capacitive Multi-touch,64GB 128GB ,4GB  6GB,microSDXC (uses shared SIM slot),Octa-core (4x2.2 GHz Cortex-A73 & 4x1.7 GHz Cortex-A53),Mali-G51 MP4,Non-removable Li-Po 4000 mAh battery,Motorized,yes,1080p@60fps,Yes,48 MP,1080p@30/60fps,Yes,Yes,Yes,FM radio,Yes,No,
VivoY112019,"Rs.17,799",2019 October,Hybrid Dual SIM (Nano-SIM dual stand-by),6.28 x 3.02 x 0.35 inches,190.5 g,Android 9.0 (Pie); Funtouch 9.1,6.35 inches,720 x 1544 pixels,IPS LCD Capacitive Touchscreen 16M Colors Multitouch ,Capacitive Multi-touch Scratch resistant,32GB,3GB,Yes,Octa-core (4x1.95 GHz Cortex-A53 & 4x1.45 GHz Cortex A53),Adreno 505,Non-removable Li-Po 5000 mAh battery,8 MP f/1.8,No,1080p@30fps,Yes,13 MP + 2 MP,1080p@30fps,Yes,Yes,Yes,FM radio,Yes,Yes (market/region dependent),
MotorolaMotoE6Plus,"Rs.19,999",2019 September,Dual SIM (Nano-SIM/Micro-SIM dual stand-by),6.13 x 2.88 x 0.34 inches,149.7 g,Android 9.0 (Pie),6.1 inches,720 x 1560 pixels,IPS LCD Capacitive Touchscreen 16M Colors Multitouch ,Capacitive Multi-touch Scratch resistant,32GB 64GB,2GB 4GB,microSDXC (dedicated slot),Octa-core 2.0 GHz Cortex-A53,PowerVR GE8320,Removable Li-Po 3000 mAh battery,8 MP,No,1080p@30fps,Yes,13 MP,1080p@30fps,Yes,Yes,Yes,FM radio,Yes,No,
AppleiPhone11,"Rs.156,300",2019 September,Dual SIM (Nano-SIM dual stand-by) ,150.9 x 75.7 x 8.3 mm,194 g,iOS 13 upgradable to iOS 13.3,6.1 inches,828 x 1792 pixels,Liquid Retina IPS LCD capacitive touchscreen 16M colors,Scratch-resistant glass oleophobic coating,64/128/256 GB,4 GB,No,Apple A13 Bionic (7 nm+) Hexa-core (2x2.65 GHz Lightning + 4x1.8 GHz Thunder),Apple GPU (4-core graphics),Non-removable Li-Ion 3110 mAh battery (11.91 Wh),12 MP,No,2160p@24/30/60fps 1080p@30/60/120fps gyro-EIS,Yes,12 MP + 12 MP,2160p@24/30/60fps 1080p@30/60/120/240fps ,Yes,Yes,Yes,No,Yes,Yes,
AppleiPhone11ProMax,"Rs.226,600",2019 September,Dual SIM (Nano-SIM dual stand-by) ,158 x 77.8 x 8.1 mm,226 g,iOS 13 upgradable to iOS 13.3,6.5 inches,1242 x 2688 pixels,Super Retina XDR OLED capacitive touchscreen 16M colors,Scratch-resistant glass oleophobic coating,64/256/512 GB,4 GB,No,Apple A13 Bionic (7 nm+) Hexa-core (2x2.65 GHz Lightning + 4x1.8 GHz Thunder),Apple GPU (4-core graphics),Non-removable Li-Ion 3969 mAh battery,12 MP f/2.2,No,2160p@24/30/60fps 1080p@30/60/120fps gyro-EIS,Yes,12 MP + 12 MP + 12 MP ,2160p@24/30/60fps 1080p@30/60/120/240fps ,Yes,Yes,Yes,No,Yes,Yes,
RealmeXT,"Rs.49,999",2019 September,Dual SIM (Nano-SIM dual stand-by),6.25 x 2.96 x 0.34 inches,183 g,Android 9.0 (Pie) upgradable to Android 10.0; Realme UI,6.4 inches,1080 x 2340 pixels,Super AMOLED Capacitive Touchscreen 16M Colors Multitouch  ,Corning Gorilla Glass 5,64GB128GB ,6GB 8GB ,microSDXC (dedicated slot),Octa-core (2x2.3 GHz Kryo 360 Gold & 6x1.7 GHz Kryo 360 Silver),Adreno 616,Non-removable Li-Po 4000 mAh battery,16 MP,No,1080p@30fps,Yes,64 MP + 8 MP + 2 MP + 2 MP,2160p@30fps 1080p@30/60/120fps 720p@960fps gyro-EIS,Yes,Yes,Yes,FM radio,Yes,No,
Nokia7.2,"Rs.33,999",2019 September,Single SIM (Nano-SIM) or Dual SIM (Nano-SIM dual stand-by),6.30 x 2.96 x 0.33 inches,180 g,Android 9.0 (Pie); Android One,6.3 inches,1080 x 2280 pixels,IPS LCD Capacitive Touchscreen 16M Colors Multitouch,Corning Gorilla Glass 3,64GB128GB,4GB 6GB RAM,microSDXC (dedicated slot),Octa-core (4x2.2 GHz Kryo 260 Gold & 4x1.8 GHz Kryo 260 Silver),Adreno 512,Non-removable Li-Po 3500 mAh battery,20 MP,No,1080p@30fps,Yes,48 MP + 5 MP + 8 MP,2160p@30fps 1080p@30fps (gyro-EIS),Yes,Yes,Yes,FM radio,Yes,No,
AppleiPhone11Pro,"Rs.235,800",2019 September,Dual SIM (Nano-SIM dual stand-by),144 x 71.4 x 8.1 mm,188 g,iOS 13 upgradable to iOS 13.3,5.8 inches,1125 x 2436 pixels,OLED capacitive touchscreen 16M colors,Scratch-resistant glass oleophobic coating,64/256/512 GB ,4 GB,No,Apple A13 Bionic (7 nm+) Hexa-core (2x2.65 GHz Lightning + 4x1.8 GHz Thunder),Apple GPU (4-core graphics),Non-removable Li-Ion 3046 mAh battery,12 MP f/2.2,No,2160p@24/30/60fps 1080p@30/60/120fps gyro-EIS,Yes,12 MP + 12 MP + 12 MP ,2160p@24/30/60fps 1080p@30/60/120/240fps.,Yes,Yes,Yes,No,Yes,Yes,
SamsungGalaxyNote10,"Rs.169,999",2019 August,Single SIM (Nano-SIM) or Dual SIM (Nano-SIM dual stand-by),5.94 x 2.83 x 0.31 in,168 g,Android 9.0 (Pie); One UI,6.3 inches,1080 x 2280 pixels,Dynamic AMOLED capacitive touchscreen 16M colors,Corning Gorilla Glass,256GB,256GB 8GB RAM,No,Octa-core (2x2.73 GHz Mongoose M4 & 2x2.4 GHz Cortex-A75 & 4x1.9 GHz Cortex-A55) - EMEA/LATAMOcta-core (1x2.84 GHz Kryo 485 & 3x2.42 GHz Kryo 485 & 4x1.78 GHz Kryo 485) - USA/China,Mali-G76 MP12 - EMEA/LATAMAdreno 640 - USA/China,Non-removable Li-Ion 3500 mAh battery,10 MP,No,2160p@30fps 1080p@30fps,Yes,yes,2160p@30/60fps 1080p@30/60/240fps 720p@960fps HDR10+ dual-video rec. stereo sound rec. gyro-EIS & OIS,Yes,Yes,Yes,FM radio (USA & Canada only),Yes,Yes,
Realme6,"Rs.36,500",2019 August,Dual SIM (Nano-SIM dual stand-by),162.1 x 74.8 x 8.9 mm,191 g,Android 10 OS,6.5 inches,1080 x 2400 Pixels (~405 PPI)  ,IPS LCD Capacitive Touchscreen 16M Colors Multitouch  ,Corning Gorilla Glass 3+,128GB,4GB or 8GB,microSDXC (dedicated slot),Octa-core (2 x 2.05 GHz Cortex-A76 + 6 x 2.0 GHz Cortex-A55)  ,Mali-G76 MC4  ,Non-removable Li-Po 5000 mAh battery,16 MP,No,1080p@30fps,Yes,64 MP + 8 MP + 2 MP + 2 MP ,1080p@30/60/120fps gyro-EIS,Yes,Yes,Yes,FM radio,Yes,No,
Realme6Pro,"Rs.48,699",2019 August,Dual SIM (Nano-SIM dual stand-by),6.18 x 2.92 x 0.35 in,184 g,Android 9.0 (Pie) planned upgrade to Android 10.0; ColorOS 6,6.6 Inches,1080 x 2400 Pixels (~399 PPI)  ,IPS LCD Capacitive Touchscreen 16M Colors Multitouch  ,Corning Gorilla Glass 5  ,128GB,8GB,Yes,Octa-core (2 x 2.3 GHz Kryo 465 Gold + 6 x 1.8 GHz Kryo 465 Silver)  ,Adreno 618  ,(Li-Po Non removable) 4300 mAh  ,16 MP,No,1080p@30fps,Yes,64MP + 12MP + 8MP + 2MP,Geo-tagging Phase detection HDR Panorama Video (2160p@30fps 1080p@30/60/120fps gyro-EIS)  ,Yes,Yes,Yes,FM radio,Yes,No,
SamsungGalaxyA10S,"Rs.15,899",2019 August,Single SIM (Nano-SIM) or Dual SIM (Nano-SIM dual stand-by),6.18 x 2.98 x 0.31 inches,168 g,Android 9.0 (Pie),6.2 inches,720 x 1520 pixels,PLS TFT Capacitive touchscreen 16M Colors Multitouch  ,Corning Gorilla Glass 5,32GB,2GB,Yes,Octa-core 2.0 GHz Cortex-A53,PowerVR GE8320,Non-removable Li-Po 4000 mAh battery,8 MP,No,1080p@30fps,Yes,13 MP + 2 MP,1080p@30fps,Yes,Yes,Yes,No,FM radio,Yes,No
SamsungGalaxyNote10Plus,"Rs.189,999",2019 August,Single SIM (Nano-SIM) or Hybrid Dual SIM (Nano-SIM dual stand-by),6.39 x 3.04 x 0.31 inches,196 g,Android 9.0 (Pie) upgradable to Android 10.0; One UI 2,6.8 inches,1440 x 3040 pixels,Dynamic AMOLED capacitive touchscreen 16M colors,Corning Gorilla Glass 6,256GB512GB ,12GB,microSDXC (uses shared SIM slot) - dual SIM model only,Octa-core (2x2.73 GHz Mongoose M4 & 2x2.4 GHz Cortex-A75 & 4x1.9 GHz Cortex-A55) - EMEA/LATAMOcta-core (1x2.84 GHz Kryo 485 & 3x2.42 GHz Kryo 485 & 4x1.78 GHz Kryo 485) - USA/China,Mali-G76 MP12 - EMEA/LATAMAdreno 640 - USA/China,Non-removable Li-Ion 4300 mAh battery,10 MP,No,2160p@30fps,Yes,12 MP + 12 MP + 16 MP + 0.3 MP,2160p@30/60fps 1080p@30/60/240fps 720p@960fps HDR10+ dual-video rec. stereo sound rec. gyro-EIS & OIS,Yes,Yes,Yes,FM radio (USA & Canada only),Yes,Yes,
VivoY90,"Rs.15,499",2019 July,Dual SIM (Nano-SIM dual stand-by),6.11 x 2.96 x 0.33 inches,163.5 g,Android 8.1 (Oreo); Funtouch 4.5,6.22 inches,720 x 1520 pixels,IPS LCD Capacitive Touchscreen 16M Colors Multitouch ,Corning Glass ,16GB32GB ,2GB ,microSDXC (dedicated slot),Quad-core 2.0 GHz Cortex-A53,PowerVR GE8320,Non-removable Li-Po 4030 mAh battery,5 MP,No,720p,Yes,8 MP,1080p@30fps,Yes,Yes,Yes,FM radio,Yes,Yes (market/region dependent),
Nokia105(2019),"Rs.2,650",2019 July,Dual SIM (Mini-SIM dual stand-by),4.69 x 1.94 x 0.57 inches,73 g,Nokia Series 30+;,1.77 inches,120 x 160 pixels,TFT 65K colors,No,4MB,4MB,No,No,No,Removable Li-Ion 800 mAh battery,No,No,0 MP,No,No,0 MP,Yes,No,No,FM radio,Yes,No,
VivoY15,"Rs.25,999",2019 May,Dual SIM (Nano-SIM dual stand-by),6.28 x 3.02 x 0.35 inches,190.5 g,Android 9.0 (Pie); Funtouch 9,6.35 inches,720 x 1544 pixels,IPS LCD Capacitive Touchscreen 16M Colors Multitouch ,Corning Gorilla Glass ,64GB,4GB,microSDXC (dedicated slot),Octa-core 2.0 GHz Cortex-A53,PowerVR GE8320,Non-removable Li-Po 5000 mAh battery,16 MP,No,1080p@30fps,Yes,16 MP,1080p@30fps,Yes,Yes,Yes,FM radio,Yes,Yes (market dependent),
TecnoCamoni4,"Rs.18,199",2019 April,Dual SIM (Nano-SIM dual stand-by),6.16 x 2.99 x 0.22 in,150 g,Android 9 (Pie),6.2 inches,720 x 1500 pixels,IPS LCD capacitive touchscreen 16M colors,NEG,32 GB,3 GB RAM,microSD up to 256 GB,Quad-core 2.0 GHz,PowerVR GE8320PowerVR GE8100,Non-removable Li-Ion 3400 mAh battery,16 MP,Yes,1080p@30fps,Yes,13 MP,1080p@30fps,Yes,Yes,Yes,FM radio,Yes,No,
VivoY91C,"Rs.17,499",2019 March,Dual SIM (Nano-SIM dual stand-by),6.11 x 2.96 x 0.33 in,163.5 g,Android 8.1 (Oreo); Funtouch 4.5,6.22 inches,720 x 1520 pixels,IPS LCD capacitive touchscreen 16M colors,32GB,2GB,microSD up to 256 GB (dedicated slot),Octa-core 2.0 GHz Cortex-A53,PowerVR GE8320,Non-removable Li-Po 4030 mAh battery,8 MP,No,Yes,13 MP,1080p@30fps,Yes,Yes,Yes,FM radio,Yes,,,,
SamsungGalaxyS10Plus,"Rs.164,999",2019 February,Single SIM (Nano-SIM) or Hybrid Dual SIM (Nano-SIM dual stand-by),6.20 x 2.92 x 0.31 in,175 g,Android 9.0 (Pie); One UI,6.4 inches,1440 x 3040 pixels,Dynamic AMOLED capacitive touchscreen 16M colors,Corning Gorilla Glass 6,128GB or 512GB ,8GB,microSD up to 1 TB (uses shared SIM slot) - dual SIM model only,Octa-core (2x2.73 GHz Mongoose M4 & 2x2.31 GHz Cortex-A75 & 4x1.95 GHz Cortex-A55) - EMEA/LATAMOcta-core (1x2.84 GHz Kryo 485 & 3x2.42 GHz Kryo 485 & 4x1.78 GHz Kryo 485) - USA/China,Mali-G76 MP12 - EMEA/LATAMAdreno 640 - USA/China,Non-removable Li-Ion 4100 mAh battery,10 MP + 8 MP,No,2160p@30fps 1080p@30fps,Yes,12 MP + 16 MP + 12 MP,2160p@60fps (no OIS/EIS) 2160p@30fps 1080p@30/60/240fps 720p@960fps HDR10+ dual-video rec. stereo sound rec. gyro-EIS & OIS,Yes,Yes,Yes,FM radio (USA & Canada only),Yes,Yes,
vivoV15Pro,"Rs.56,499",2019 February,Dual SIM (Nano-SIM dual stand-by),6.19 x 2.94 x 0.32 in,185 g,Android 9.0 (Pie); Funtouch 9,6.39 inches,1080 x 2316 pixels,Super AMOLED capacitive touchscreen 16M colors,128 GB,6/8 GB RAM,microSD up to 256 GB,Octa-core (2x2.0 GHz Kryo 460 Gold & 6x1.7 GHz Kryo 460 Silver),Adreno 612,Non-removable Li-Po 3700 mAh battery,32 MP,No,1080p@30fps,Yes,48 MP,2160p@30fps 1080p@30fps,Yes,Yes,Yes,Yes,Yes (market dependent),,,
VivoY95,"Rs.32,000",2018 November,Dual SIM (Nano-SIM dual stand-by),6.11 x 2.96 x 0.33 in,163.5 g,Android 8.1 (Oreo),6.22 inches,720 x 1520 pixels,IPS LCD capacitive touchscreen 16M colors,64 GB,4 GB RAM,microSD up to 256 GB,Octa-core (2x1.95 GHz Cortex-A53 & 6x1.45 GHz Cortex A53),Adreno 505,Non-removable Li-Po 4030 mAh battery,20 MP,No,1080p@30fps,Yes,13 MP,1080p@30fps,Yes,Yes,Yes,FM radio,Yes,,,
VivoY91D,"Rs.15,499",2018 November,Dual SIM (Nano-SIM dual stand-by),155.11×75.09×8.28 mm,163.5 g,Android 8.1 (Oreo) Funtouch 4.5,6.22 inches,720 x 1520 pixels,IPS LCD capacitive touchscreen 16M colors,No,32GB,2GB,Yes,Octa-core (4x1.95 GHz Cortex-A53 & 4x1.45 GHz Cortex A53),Adreno 505,Non-removable Li-Po 4030 mAh battery,5 MP,No,1080p@30fps,Yes,13 MP,1080p@30fps,Yes,Yes,Yes,FM radio,Yes,No,
VivoY93,"Rs.22,499",2018 November,Dual SIM (Nano-SIM dual stand-by),6.11 x 2.96 x 0.33 inches,163.5 g,Android 8.1 (Oreo); Funtouch 4.5,6.2 inches,720 x 1520 pixels,IPS LCD Capacitive Touchscreen 16M Colors Multitouch ,Corning Glass ,64GB,4GB,microSDXC (dedicated slot),Octa-core (4x1.95 GHz Cortex-A53 & 4x1.45 GHz Cortex A53),Adreno 505,Non-removable Li-Po 4030 mAh battery,8 MP,No,1080p@30fps,Yes,13 MP,1080p@30fps,Yes,Yes,Yes,FM radio,Yes,Yes (market/region dependent),
Nokia106(2018),"Rs.2,800",2018 November,Dual SIM (Mini-SIM dual stand-by),4.38 x 1.95 x 0.57 inches,70.2 g,No,1.8 inches,120 x 160 pixels,TFT 65K colors,Corning Glass ,4MB,4MB,No,No,No,Removable Li-Ion 800 mAh battery,No,No,No,No,No,No,Yes,No,No,FM radio,Yes,No,
VivoV11,"Rs.44,000",2018 September,Dual SIM (Nano-SIM dual stand-by),157.9 x 75 x 7.9mm  ,156 g,Android 8.1 (Oreo),6.3 inches,1080 x 2340 pixels,Super AMOLED capacitive touchscreen 16M colors,No,128 GB,4 GB,Yes,Octa-core (4x2.2 GHz Kryo 260 & 4x1.8 GHz Kryo 260),Adreno 512,Non-removable Li-Po 3315 mAh battery,25 MP f/2.0,No,1080p@30fps,Yes,16 MP + 5 MP ,1080p@30fps,Yes,Yes,Yes,FM radio,Yes,No,
Nokia150,"Rs.4,899",2016 December,Single SIM (Mini-SIM) or Dual SIM (Mini-SIM dual stand-by),4.65 x 1.98 x 0.53 inches,81 g,No,2.4 inches,240 x 320 pixels,TFT 65K colors,No,No,No,microSDHC (dedicated slot),No,No,Removable Li-Ion 1020 mAh battery (Dual-SIM),VGA,No,No,Yes,VGA,No,Yes,No,LTE,FM radio,Yes,No,
AppleiPhone6sPlus,"Rs.39,300",2015 September,Nano-SIM,158.2 x 77.9 x 7.3 mm,192 g,iOS 9 upgradable to iOS 11.4.1,5.5 inches,1080 x 1920 pixels,LED-backlit IPS LCD capacitive touchscreen 16M colors,Ion-strengthened glass oleophobic coating,16/32/64/128 GB,2 GB,No,Dual-core 1.84 GHz Twister,PowerVR GT7600 (six-core graphics),Non-removable Li-Ion 2750 mAh battery (10.45 Wh),5 MP,No,1080p@30fps,Yes,12 MP,2160p@30fps 1080p@60fps 1080p@120fps 720p@240fps,Yes,Yes,Yes,No,Yes,Yes (Apple Pay only),
Nokia130,"Rs.3,799",2014 August,Mini-SIM,4.17 x 1.79 x 0.55 inches,68.6 g,No,1.8 inches,128 x 160 pixels,TFT 65K colors,Corning Gorilla Glass ,4MB,4MB,microSDHC (dedicated slot),No,,Removable Li-Ion 1020 mAh battery (BL-5C),No,No,No,No,VGA,Yes,Yes,No,No,FM radio,Yes,No,
VivoV17Pro,"Rs.63,399",Exp. announcement 2019 September 20,Dual SIM (Nano-SIM dual stand-by),159 x 74.7 x 9.8 mm,201.8 g ,Android 9.0 (Pie); Funtouch 9,6.44 inches,1080 x 2400 pixels,Super AMOLED capacitive touchscreen 16M colors,Corning Gorilla Glass 6,128GB,8GB ,microSD up to 256 GB (dedicated slot),Octa-core (2x2.0 GHz Kryo 460 Gold & 6x1.7 GHz Kryo 460 Silver),Adreno 612,Non-removable Li-Po 4100 mAh battery,32 MP + 8 MP,Yes,1080p@30fps,Yes,48 MP + 8 MP + 13 MP + 2 MP,4K@30fps 1080p@30fps,Yes,Yes,Yes,FM radio,Yes,Yes,
SamsungGalaxyA01,"Rs.15,999",22-01-2020,Dual SIM (Nano-SIM dual stand-by),5.76 x 2.79 x 0.33 in,168 g,Android 10.0; One UI 2,5.7 inches,720 x 1560 pixels,Capacitive touchscreen 16M colors,Corning Gorilla Glass ,16GB,2GB,microSD up to 512 GB (dedicated slot),Octa-core (4x1.95 GHz & 4x1.45 GHz),No,Non-removable Li-Ion 3000 mAh battery,5 MP,No,No,Yes,13 MP + 2 MP,1080p@30fps,Yes,Yes,Yes,FM radio,Yes,No,
ItelVision1,"Rs.11,999",17th February 2020,Dual SIM (Nano-SIM dual stand-by),155.30 x 73.50 x 8.50,169 g,Android™ 9 Pie,6.09 inches,720x1560 pixels,IPS LCD capacitive touchscreen 16M colors,No,32GB,2GB,MicroSD Card (support up to 128),1.6GHz Octa Core Processor,No,Non-removable Li-Po 4000 mAh battery,5 MP,No,1080p@30fps,Yes,8 MP + 2 MP,1080p@30fps,Yes,Yes,Yes,FM radio,Yes,No,
OppoA11k,"Rs.17,999",2020-06-01,Dual SIM (Nano-SIM dual stand-by),155.9 x 75.5 x 8.3 mm ,165 g,Android 9.0 (Pie) ColorOS 6.1,6.22 inches,720 x 1520 pixels,IPS LCD capacitive touchscreen 16M colors,Corning Gorilla Glass 3,32GB,2GB,Yes,Octa-core (4x2.35 GHz Cortex-A53 & 4x1.8 GHz Cortex-A53),PowerVR GE8320,Non-removable Li-Po 4230 mAh battery,5 MP f/2.4 1/5,Yes,1080p@30fps,Yes,Dual 13 MP f/2.2 1/3.1,2160p@30fps,Yes,Yes,Yes,Yes,Yes,No  ,
Nokia150(2020),"Rs.4,999",2020-05-29,Dual SIM (Mini-SIM dual stand-by),132 x 50.5 x 15 mm,90.5 g,No,2.4 inches,240 x 320 pixels,TFT 65K colors,No,4MB Built-in  ,No,Yes,No,No,Removable Li-Ion 1020 mAh battery,No,No,No,Yes,VGA  ,Yes,Yes,No,No,No,Yes,No,No
ItelMagic2,"Rs.2,299",30-06-20,Dual SIM (dual standby),139 x 58.8 x 11.9 mm,No,Featured OS,2.4 Inch,240 x 320 Pixels,TFT non-touch screen 265 A color,No,8 Mb,8 Mb,Yes,No,No,1200 MAh Lithium Polymer removable,No,No,No,Yes,1.3 Megapixel,VGA,Yes,No,No,Yes,No,No,
QMobileE4iClassic,"Rs.2,150",02-07-2020,Dual-Sim Dual Stand By,,,No,2.4 Inches  ,320 x 240 pixels ,QVGA Display,No,16 MB,16 MB,Yes,No,No,Removable 2500mAh Battery,No,No,No,Yes,VGA Camera,Yes,Yes,No,No,FM radio,No,No,
VivoY1s,"Rs.14,999",20-09-2020,Dual Sim Dual Standby (Nano-SIM)  ,135.11 x 75.09 x 8.28mm  ,161 g ,Android 10 OS,6.2 Inches,720 x 1520 Pixels ,IPS LCD Capacitive Touchscreen 16M Colors Multitouch ,No,32 GB,2 GB,Yes,2.4 Ghz Octa Core  ,,(Li-Po Non removable) 4030 mAh  ,5 MP f/1.8  ,No,1080p@30fps,Yes,13 MP f/2.2,1080p@30fps,Yes,Yes,Yes,FM radio,Yes,No  ,
HuaweiY9A,"Rs.43,999",12-09-2020,Dual Sim Dual Standby (Nano-SIM)  ,163.5 x 76.5 x 9 mm,197 g,Android 10 EMUI 10.1 ,6.63 inches ,1080 x 2400 pixels,IPS LCD capacitive touchscreen 16M colors,No,128 GB,8 GB,Yes,Octa-core (2x2.0 GHz Cortex-A75 & 6x1.8 GHz Cortex-A55),Mali-G52 MC2,(Li-Po Non removable) 4200 mAh  ,16 MP f/2.2,Yes,1080p@30fps,Yes,64 MP + 8 MP + 2 MP + 2 MP,4K@30fps 1080p@30fps,Yes,Yes,Yes,No,Yes,No  ,
InfinixZero8i,"Rs.30,300",08-10-2020,Dual Sim Dual Standby (Nano-SIM)  ,168.74 x 76.08 x 9.07 mm  ,205 g  ,Android v10,6.6 inches,1080 x 2460 Pixels,IPS LCD Capacitive Touchscreen 16M Colors Multitouch  ,Corning Gorilla Glass  ,128 GB,8 GB,Yes,Octa-Core (2 x 2.05 GHz A76 + 6 x 2.0GHz A55) ,Mali-G76 MC4  ,(Li-Po Non removable) 4500 mAh  ,16 MP + 8 MP  ,No,1080p@30fps,Yes,48 MP + 8 MP + 2 MP,1080p@30fps,Yes,Yes,Yes,FM radio,Yes,No  ,
itelVision1Pro,"Rs.12,099",29-11-2020,Dual SIM (Nano-SIM dual stand-by),,,Android 10 OS  ,6.5 inches,720 x 1600 pixels,IPS LCD capacitive touchscreen 16M colors,No,32 GB,2 GB,Yes,octa core 1.6 Ghz,IMG8322,Li-Po 4000 mAh non-removable,8 MP,No,1080p@30fps,Yes,13 MP + 2 MP + 2 MP,1080p@30fps,Yes,Yes,Yes,No,FM radio,Yes,No
itelMuzik410,"Rs.1,750",10-10-2020,Dual Sim Dual Standby ,,,Featured OS,2.4 inches,240 x 320 pixels,TFT,No,4 MB,4 MB,Yes,No,No,1500mAh Battery,No,No,No,Yes,VGA,Yes,Yes,No,No,FM radio,No,No,
itelPower410,"Rs.1,950",10-10-2020,Dual Sim Dual Standby ,,,Featured OS,2.4 inches,240 x 320 pixels,TFT,No,4 MB,4 MB,Yes,No,No,5000 mAh Battery,No,No,No,No,VGA,Yes,Yes,No,No,No,No,No  ,
itelValue110,"Rs.1,450",10-10-2020,Dual Sim Dual Standby ,,,Featured OS,4.5 inches,240 x 320 Pixels,TFT,No,4 MB,4 MB,Yes,No,No,1000mAh Battery,No,No,No,Yes,VGA,Yes,Yes,No,No,No,No,No,No
itelA23Pro,"Rs.7,300",01-12-2020,Dual SIM (Nano-SIM dual stand-by),,,Android 10 (Go),5.0 inches,854 x 480 pixels,FWVGA Display Touchscreen Multitouch ,No,8 GB,1 GB,Yes,Unisoc SC9832e,ARM Mali-T820 , 2400mAh Li-ion Removable,0.3 MP,No,720p@30fps,Yes,2 MP,720p@30fps,Yes,Yes,No,No,FM radio ,Yes,No  
SamsungGalaxyS10Lite,"Rs.107,999",2019,Single SIM (Nano-SIM) or Hybrid Dual SIM (Nano-SIM dual stand-by),162.5 x 75.6 x 8.1 mm,186 g,Android 9.0 (Pie); One UI,6.7 inches,1080 x 2400 pixels,Dynamic AMOLED capacitive touchscreen 16M colors,Corning Gorilla Glass 6,128GB,6GB or 8GB,Yes,Octa-core (2x2.73 GHz Mongoose M4 & 2x2.31 GHz Cortex-A75 & 4x1.95 GHz Cortex-A55) - EMEA/LATAMOcta-core (1x2.84 GHz Kryo 485 & 3x2.42 GHz Kryo 485 & 4x1.78 GHz Kryo 485) - USA/China,Mali-G76 MP12 - EMEA/LATAMAdreno 640 - USA/China,Non-removable Li-Ion 4500 mAh battery,32 MP,No,2160p@30fps 1080p@30fps,Yes,48 MP + 12 MP + 5 MP ,2160p@60fps (no OIS/EIS) 2160p@30fps 1080p@30/60/240fps 720p@960fps HDR10+ dual-video rec. stereo sound rec. gyro-EIS & OIS,Yes,Yes,Yes,FM radio (USA & Canada only),Yes,Yes,
SamsungGalaxyA31,"Rs.34,399",21-02-2020,Single SIM (Nano-SIM) or Dual SIM (Nano-SIM dual stand-by),6.24 x 2.94 x 0.30 in,185 g,Android 9.0 (Pie),6.4 inches,1080 x 2340 pixels,Super AMOLED capacitive touchscreen 16M colors,Corning Gorilla Glass 3,64GB,4 GB RAM,microSD Card (supports up to 512GB)  ,Octa-core (2 x 2.0 GHz + 6 x 1.7 GHz)  Helio P65 SoC  ,Mali-G71 MP2,Non-removable Li-Po 5000 mAh battery,20 MP,Yes,1080p@30fps,Yes,48 MP + 8 MP + 5 MP + 5 MP,1080p@30fps 2160p@30fps,Yes,Yes,Yes,FM radio,Yes,Yes,
SamsungGalaxyS21Plus,"Rs.169,499",05-02-2021,Hybrid Dual SIM (Nano-SIM dual stand-by),161.4 x 75.6 x 7.8 mm,202 g,Android 11 One UI 3.1,6.7 inches,1080 x 2400 pixels,Dynamic AMOLED 2X capacitive touchscreen 16M colors,Corning Gorilla Glass Victus,256 GB,8 GB,No,Exynos 2100 (5 nm) - International  Octa-core (2x2.73 GHz Mongoose M5 & 2x2.60 GHz Cortex-A76 & 4x2.0 GHz Cortex-A55) - GlobalOcta-core (1x2.84 GHz Kryo 585 & 3x2.42 GHz Kryo 585 & 4x1.8 GHz Kryo 585) - USA,Mali-G77 MP11 - GlobalAdreno 650 - USA,Non-removable Li-Po 4800 mAh battery,10 MP f/2.2,No,2160p@30/60fps 1080p@30fps,Yes,64 MP + 12 MP + 12 MP,4320p@24fps 2160p@30/60fps 1080p@30/60/240fps 720p@960fps HDR10+ dual-video rec. stereo sound rec. gyro-EIS & OIS,Yes,Yes,Yes,FM radio ,Yes,Yes,
QMobileHot5,"Rs.12,599",2020-05-1,Dual SIM (Nano-SIM dual stand-by),,,Android™ 9 Pie,6.3 inches,720 x 1280 pixels,IPS LCD capacitive touchscreen 16M colors Multitouch Yes, 2.5D glass,32GB ,3GB,Yes,Octa-core 2.0 GHz Cortex-A53,No,Non-removable Li-Ion 3000 mAh,13 MP,Yes, 1080p@30fps,Yes, 13MP f/2.2,1080p@30fps,Yes,HSDPA 850 / 900 / 1900 / 2100,LTE,Yes,Wi-Fi 802.11 b/g/n hotspot,No,
Alcatel1S(2020),"Rs.14,999",2020-01-01,Hybrid Dual SIM (Nano-SIM dual stand-by),158.7 x 74.6 x 8.5 mm,165 g,Android 10,6.22 inches,720 x 1520 pixels,IPS LCD capacitive touchscreen 16M colors,No,32GB,3GB,Yes,Octa-core 1.8 GHz Cortex-A53,PowerVR GE8320,Non-removable Li-Po 4000 mAh battery,5 MP f/2.2,No,1080p@30fps,Yes,13 MP f/1.8,1080p@30fps,Yes,Yes,Yes,FM radio,Yes,No  ,
RealmeC11,"Rs.15,999",2020-07-07,Dual SIM (Nano-SIM dual stand-by),164.4 x 75.9 x 9.1 mm,196 g,Android 10,6.5 inches,720 x 1560 pixels,IPS LCD capacitive touchscreen 16M colors,No,32 GB,2 GB,Yes,Octa-core 2.3 GHz Cortex-A53,PowerVR GE8320,Non-removable Li-Po 5000 mAh battery,5 MP f/2.4,No,1080p@30fps,Yes,13 MP f/2.2,1080p@30fps,Yes,Yes,Yes,FM radio,Yes,No  ,
InfinixHot10,"Rs.18,200",01-09-2020,Dual SIM (Nano-SIM dual stand-by),171.1 x 77.6 x 8.9 mm,195 g,Android 10 XOS 6.0,6.78 inches,720 x 1640 pixels,IPS LCD capacitive touchscreen 16M colors,No,64/128 GB,4/6 GB,Yes,Octa-core (2x2.0 GHz Cortex-A75 & 6x1.7 GHz Cortex-A55),Mali-G52 2EEMC2,Li-Po 5200 mAh non-removable,8 MP f/2.0,No,1080p@30fps,Yes,16 MP + 2 MP + 2 MP,1080p@30fps,Yes,Yes,Yes,No,FM radio,Yes,No  
InfinixZero8,"Rs.32,399",31-08-2020,Dual SIM (Nano-SIM dual stand-by),168.7 x 76.1 x 9.1 mm,205 g,Android 10,6.85 inches,1080 x 2460 Pixels,IPS LCD capacitive touchscreen 16M colors,No,128 GB,8 GB,Yes,Octa-core (2x2.05 GHz Cortex-A76 & 6x2.0 GHz Cortex-A55) ,Mali-G76 MC4,Li-Po 4500 mAh non-removable  ,48 MP + 8 MP,Yes,1080p@30fps,Yes,64 MP + 8 MP + 2 MP + 2 MP,4K@30fps 1080p@30fps,Yes,Yes,Yes,FM radio,Yes,No  ,
QMobileQ130,"Rs.1,299",10-05-2020,Dual-Sim Dual Stand By,,,No,1.8 Inches  ,320 x 240 pixels,QQVGA,No,16 MB,No,Yes,No,No,1200mAh,No,No,No,No,No,No,Yes,No,No,FM radio,No,No,
itelPower700,"Rs.2,799",01-06-2020, Tripple Sim(  Dual SIM + Mini-SIM ),,,Featured OS,2.4 Inches,240 x 320 Pixels,QVGA,No,No,No,Yes,No,No,2500mAh Long Lasting Battery,No,No,No,Yes,VGA,Yes,Yes,No,No,FM radio,No,No,
TecnoPop4,"Rs.10,399",24-07-2020,Dual SIM (Nano-SIM dual stand-by),144.0 x 73.8 x 10.6 mm,183 G,Android 10 Go Edition,6 Inches  ,480 x 960 Pixels,IPS LCD capacitive touchscreen 16 Million colors,No,32 GB,2 GB,Yes,Quad-core 1.3 GHz Cortex-A7 (32nm),Mali -400 MP2,5000 mAh Li-polymer non-removable,5 MP,No,720p@30fps,Yes,8 MP,1080p@30fps,Yes,Yes,No,No,FM radio,Yes,No
Alcatel1SE,"Rs.16,499",10-09-2020,Dual Sim Dual Standby (Nano-SIM)  ,159.16 x 75.2 x 8.65 mm  ,175 g  ,Android 10 OS  ,6.2 inches,720 x 1520 Pixel,IPS LCD capacitive touchscreen 16M colors,No,64 GB,4 GB,Yes,1.6 Ghz Octa Core  ,IMG8322 550MHz ,(Li-Po Non removable) 4000 mAh  ,5 MP,Yes,1080p@30fps,Yes,13 MP + 5 MP + 2 MP,1080p@30fps,Yes,Yes,Yes,FM radio,Yes,No,
InfinixSmartHD,"Rs.13,199",11-15-2020,Dual SIM (Nano-SIM dual stand-by),158.3 x 75.17 x 9.8mm  ,,Android 10 OS  ,6.1 Inches  ,720 x 1560 Pixels,IPS LCD capacitive touchscreen 16M colors,No,32 GB,2 GB,Yes,Quad-core 1.8 GHz Cortex-A53 Mediatek MT6580 (32nm),Mali-400MP2,Li-Po 5000 mAh non-removable,5 MP,No,720p@30fps,Yes,8 MP,1080p@30fps,Yes,Yes,Yes,FM radio,Yes,No  ,
QMobileE42020,"Rs.2,350",01-12-2020,Dual-SIM Dual Standby  ,,,No,2.4 Inches  ,320 x 240 pixels,QVGA Display,No,16 MB,16 MB,Yes,No,No,(Removable) 1800 mAh  ,No,No,No,Yes,VGA,Yes,Yes,No,No,FM radio ,No,No,
SamsungGalaxyS21Ultra,"Rs.199,999",05-02-2021,Hybrid Dual SIM (Nano-SIM dual stand-by),165.1 x 75.6 x 8.9 mm,229 g,Android 11 One UI 3.1,6.8 inches,1440 x 3200 pixels,Dynamic AMOLED 2X capacitive touchscreen 16M colors,Corning Gorilla Glass Victus,256 GB,12 GB,No,Exynos 2100 (5 nm) - International   Octa-core (2x2.73 GHz Mongoose M5 & 2x2.60 GHz Cortex-A76 & 4x2.0 GHz Cortex-A55) - GlobalOcta-core (1x2.84 GHz Kryo 585 & 3x2.42 GHz Kryo 585 & 4x1.8 GHz Kryo 585) - USA,Mali-G77 MP11 - GlobalAdreno 650 - USA,Non-removable Li-Po 5000 mAh battery,40 MP f/2.2,No,2160p@30/60fps 1080p@30fps,Yes,108 MP + 12 MP + 10 MP + 10 MP,4320p@24fps 2160p@30/60fps 1080p@30/60/240fps 720p@960fps HDR10+ dual-video rec. stereo sound rec. gyro-EIS & OIS,Yes,Yes,Yes,Yes,FM radio ,Yes,Yes
OppoReno4,"Rs.57,500",05-06-2020,Dual SIM (Nano-SIM dual stand-by),159.3 x 74 x 7.8 mm,183 g ,Android 10 ColorOS 7.2,6.4 inches,1080 x 2400 pixels,AMOLED capacitive touchscreen 16M colors,Corning Gorilla Glass 6,128 GB,8 GB ,No,Octa-core (1x2.4 GHz Kryo 475 Prime & 1x2.2 GHz Kryo 475 Gold & 6x1.8 GHz Kryo 475 Silver),Adreno 620,Li-Po 4000 mAh non-removable,32 MP f/2  ,Yes,1080p@30fps,Yes,48 MP + 8 MP + 2 MP + 2 MP,4K@30fps 1080p@30/60/120fps,Yes,Yes,Yes,No,No,Yes,No
ItelA14Max,"Rs.4,699",2019,Dual SIM (Nano-SIM dual stand-by),162 g,Android™ 8.1 (Go edition),4.0 Inches,480 x 8000 pixels,IPS LCD capacitive touchscreen,Corning Gorilla Glass 3,16GB,512MB,microSDXC (dedicated slot),1.3GHz Quad-Core,Mali-G72 MP3,Non-removable Li-Po 3000 mAh battery,0.3 MP,No,1080p@30fps,Yes,2 MP,1080p@30fps,Yes,Yes,No,FM radio,Yes,No,,
TCL10Lite,"Rs.36,400",2020-05-19,Single SIM (Nano-SIM) or Dual SIM (Nano-SIM dual stand-by),162.2 x 75.6 x 8.4 mm,180 g,Android 10 planned upgrade to Android 11 TCL UI,6.53 inches,1080 x 2340 pixels,IPS LCD capacitive touchscreen 16M colors,No,128 GB,6 GB,Yes,Octa-core (4x2.0 GHz Kryo 260 Gold & 4x1.8 GHz Kryo 260 Silver),Adreno 610,Non-removable Li-Po 4000 mAh battery,16 MP f/2.2,Yes,1080p@30fps,Yes,48 MP f/1.8,4K@30fps 1080p@30/120fps,Yes,Yes,Yes,FM radio recording,Yes,Yes,
TCL10Pro,"Rs.69,999",2020-05-19,Single SIM (Nano-SIM) or Hybrid Dual SIM (Nano-SIM dual stand-by),158.5 x 72.4 x 9.2 mm,177 g,Android 10 planned upgrade to Android 11 TCL UI,6.47 inches,1080 x 2340 pixels,AMOLED capacitive touchscreen 16M colors,Corning Gorilla Glass,128GB,6GB  ,Yes,Octa-core (2x2.0 GHz Kryo 460 Gold & 6x1.7 GHz Kryo 460 Silver),Adreno 612,Non-removable Li-Po 4500 mAh battery,24 MP f/2.0,Yes,1080p@30fps,Yes,64 MP f/1.8,4K@30fps 1080p@30/60/120fps 720p@960fps gyro-EIS,Yes,Yes,Yes,FM radio recording,Yes,Yes,
Alcatel3x(2020),"Rs.17,999",2020-06-01,Hybrid Dual SIM (Nano-SIM dual stand-by),165 x 75 x 9.09 mm,186 g,Android 10,6.52 inches,720 x 1600 pixels,IPS LCD capacitive touchscreen 16M colors,2.5D Curved Glass,64 GB,4 GB,Yes,Octa-core (2x2.0 GHz Cortex-A53 & 6x1.45 GHz Cortex A53),PowerVR GE8320,Non-removable Li-Po 5000 mAh,8 MP f/2.0,Yes,1080P@30FPS,Yes,16 MP f/1.8,1080P@30FPS,Yes,Yes,Yes,FM radio recording,Yes,No  ,
RealmeC15,"Rs.24,800",01-09-2020, Dual Standby (Nano-SIM)  ,164.5 x 75.9 x 9.8 mm,209 g,Android 10 realme UI 1.0,6.5 Inches  ,720 x 1600 pixels,IPS LCD Capacitive Touchscreen 16M Colors Multitouch  ,Corning Gorilla Glass  ,64 GB,3/4 GB,Yes, Snapdragon 460,Adreno 610,(Li-Po Non removable) 6000 mAh ,8 MP f/2.0,Yes,1080p@30fps,Yes,13 MP + 8 MP + 2 MP + 2 MP,1080p@30fps,Yes,Yes,Yes,FM radio,Yes,No  ,
SamsungGalaxyZFold2,"Rs.323,299",10--08-2020,Dual Sim Dual Standby (Nano-SIM) ,Unfolded: 159.2 x 128.2 x 6.9 mm Folded: 159.2 x 68 x 16.8 mm,282 g,Android 10 One UI 2.5,7.6 inches,1768 x 2208 pixels,Foldable Dynamic AMOLED 2X capacitive touchscreen 16M colors,No,256 GB,12 GB,No,Octa-core (1x3.09 GHz Kryo 585 & 3x2.42 GHz Kryo 585 & 4x1.8 GHz Kryo 585),Adreno 650,Non-removable Li-Po 4356 mAh battery,10 MP,Yes,4K@30fps 1080p@30fps,Yes,12 MP + 12 MP + 12 MP,4K@60fps 1080p@60/240fps,Yes,Yes,Yes,No,Yes,Yes,
RealmeC12,"Rs.16,099",26-08-2020,Dual SIM (Nano-SIM dual stand-by),164.4 x 75.9 x 9.1 mm,209 g,Android 10 realme UI 1.0,6.5 Inches,720 x 1560,IPS LCD Capacitive Touchscreen 16M Colors Multitouch  ,Corning Gorilla Glass ,32 GB,3 GB,Yes,2.3 Ghz Octa Core Cotex-A53,PowerVR GE8320 (680 MHz)  ,(Li-Po Non removable) 6000 mAh  ,5 MP f/2.0,No,720p@30fps,Yes,13 MP + 2 MP + 2 MP,1080p@30fps,Yes,Yes,Yes,No,No,Yes,No  
MotorolaMotoG8PowerLite,"Rs.21,949",03-04-2020,Single SIM (Nano-SIM) or Dual SIM (Nano-SIM dual stand-by),164.9 x 75.8 x 9.2 mm,200 g,Android 9.0 (Pie),6.5 inches,720 x 1600 pixels,IPS LCD capacitive touchscreen 16M colors,No,64GB,4GB,Yes,Octa-core (4x2.3 GHz Cortex-A53 & 4x1.8 GHz Cortex-A53),PowerVR GE8320,Non-removable Li-Po 5000 mAh battery,8 MP f/2.0,No,1080p@30fps,Yes,16 MP + 2 MP + 2 MP,1080p@30fps,Yes,Yes,Yes,FM radio,Yes,No  ,
itelMuzik110,"Rs.1,599",01-06-2020,Dual SIM + Mini-SIM,119.5 x 51 x 13.mm,,,1.77 inches,No,QVGA,No,5MB + 4MB,No,Yes,SC6531C,No,Removable 1900 mAh battery,No,No,No,Yes,0.3 MP,VGA,Yes,No,No,FM radio,No,No,
QMobileQ130i,"Rs.1,400",01-06-2020,Dual-Sim Dual Stand By,,,No,1.8 Inches  ,320 x 240 pixels,QQVGA,No,16 MB,No,Yes,No,No,1000mAh,No,No,No,No,VGA,Yes,Yes,No,No,FM radio,No,No,
SamsungGalaxyA01Core,"Rs.13,999",O6-08-2020,Dual Sim Dual Standby (Nano-SIM)  ,141.7 x 67.5 x 8.6 mm,150 g,Android 10 Go edition ,5.3 inch,720x1480 pixels,IPS LCD capacitive touchscreen 16M colors,No,16/32 GB,1/2 GB,Yes,Quad-core 1.5 GHz Cortex-A53,PowerVR GE8100,Li-Ion 3000 mAh non-removable,5 MP,No,720p@30fps,Yes,8 MP,1080p@30fps,Yes,Yes,Yes,No,Yes,No  ,
QMobileE4x,"Rs.2,200",25-08-2020,Dual-Sim Dual Stand By,,,No, 2.4 Inches  ,320 x 240 pixels,QQVGA,No,16 MB,16 MB,Yes,No,No,Removable Li-Po 1800 mAh battery,No,No,No,Yes,VGA,Yes,Yes,No,No,FM radio,No,No,
itelA48,"Rs.11,299",01-11-2020,Dual Sim Dual Standby (Nano-SIM)  ,,,Android 10,6.1 inches,720 x 1520 Pixels,IPS LCD capacitive touchscreen 16M colors,No,32 GB,2 GB,Yes,1.4GHz Quad Core Processor,,Removable Li-Po 3000 mAh battery,5MP f/2.2,No,1080p@30fps,Yes,5 MP + 2 MP,1080p@30fps,Yes,Yes,Yes,No,No,Yes,No  
itelMuzik400Core,"Rs.1,899",10-10-2020,Dual Sim Dual Standby ,,,Featured OS,2.4 inches,240 x 320 Pixels,TFT,No,4 MB,4 MB,Yes,No,No,1900 mAh Removable,No,No,No,No,VGA,Yes,Yes,No,No,Yes,No,No,
InfinixHot10i,"Rs.20,099",20-06-2021,Dual SIM (Nano-SIM dual stand-by),,,Android 11 OS  ,6.6 Inches  ,720 x 1600 Pixels ,IPS LCD Capacitive Touchscreen 16M Colors Multitouch  ,No,128 GB,4 GB,Yes,MediaTek Helio P65,,Li-Po 6000 mAh non-removable,5 MP,No,720p@30fps,Yes,13 MP + QVGA,1080p@30fps,Yes,Yes,Yes,No,FM radio ,Yes,No  
itelVision2,"Rs.15,399",04-03-2021,Dual SIM (Nano-SIM dual stand-by),,,Android™ 10 (Go Edition),6.6 inches,720 x 1600 pixels,IPS LCD Capacitive Touchscreen 16M Colors Multitouch  ,No,64 GB,3 GB,Yes,Octa-core 1.6GHz,,Li-Po 4000 mAh non-removable,8 MP,No,720p@30fps,Yes,13 MP ,1080p@30fps,Yes,Yes,Yes,No,Yes,No,
SamsungGalaxyS21,"Rs.136,999",05-02-2021, Hybrid Dual SIM (Nano-SIM dual stand-by),151.7 x 71.2 x 7.9 mm,171 g,Android 11 One UI 3.1,6.2 inches,1440 x 3200 pixels,Dynamic AMOLED 2X capacitive touchscreen 16M colors,Corning Gorilla Glass Victus,256 GB,8 GB,Yes,Exynos 2100 (5 nm) - International   Octa-core (1x2.9 GHz Cortex-X1 & 3x2.80 GHz Cortex-A78 & 4x2.2 GHz Cortex-A55) - International,Mali-G77 MP11 - GlobalAdreno 650 - USA,Non-removable Li-Po 4000 mAh battery,10 MP f/2.2,No,4K@30/60fps 1080p@30fps,Yes,64 MP + 12 MP +12 MP,8K@24/30fps 4K@30/60fps 1080p@30/60/240fps,Yes,Yes,Yes,FM radio ,Yes,Yes,
ItelA25Pro,"Rs.9,499",6th June 2020,Dual Sim Dual Standby (Micro-SIM) ,145.3 x 72.4 x 9.85 mm,163 g,AndroidTM 9.0,5 inches,720 x 1280,IPS HD LCD capacitive touchscreen,No,32GB,2GB,Yes,Quad-Core 1.4GHz,No,Li-Ion non removable 3020mAh,2 MP,Yes,720p@30fps,Yes,5 MP,720p@30fps,Yes,HSDPA 850 / 900 / 2100,4G LTE,FM radio,Yes,No,
QMobileViewMax,"Rs.12,499",2020-06-01,Dual SIM (Nano-SIM dual stand-by),175 g,Android 9.0 (Pie),6.6 inches,720 x 1280 pixels,IPS LCD capacitive touchscreen 16M colors,2.5D glass,32GB,2GB,Yes,Octa-core 1.8 GHz Cortex-A53,Non-removable Li-Po 3900 mAh,8 MP,Yes,1080p@30fps,Yes,Dual :13MP f/1.8 PDAF 2MP,1080p@30fps,Yes,HSDPA 850 / 900 / 1900 / 2100,LTE band 1(2100) 3(1800) 5(850) 8(900) 38(2600) 40(2300) 41(2500),Yes,Wi-Fi 802.11 b/g/n Wi-Fi Direct hotspot,No,,,
QMobileView,"Rs.11,499",2019-08-01,Dual SIM (Nano-SIM dual stand-by),155 g,Android 9.0 (Pie),6.1 inches,720 x 1280 pixels,IPS LCD capacitive touchscreen,2.5D glass,32GB,2GB,Yes,1.3 GHZ Octa-Core,No,Non-removable Li-Po 4000 mAh,5 MP,Yes,1080p@30fps,Yes,Dual 13 MP + 2 MP,1080p@30fps,Yes,HSDPA 850 / 900 / 1900 / 2100,LTE,Yes,Wi-Fi 802.11 b/g/n Wi-Fi Direct hotspot,No,,
VivoY51s,"Rs.36,299",2020-07-29,Dual SIM (Nano-SIM dual stand-by),163.86 × 75.32 × 8.38 mm,188 g,Funtouch OS 11,6.58 inches,2408 × 1080 pixels,IPS LCD capacitive touchscreen 16M colors,No,128 GB,8 GB,No,SDM662,Adreno 610  ,Li-Po 5000 mAh non-removable,16 MP,No,1080p@30fps,Yes,48 MP + 8 MP + 2 MP,4K@30fps 1080p@30fps; gyro-EIS,Yes,Yes,Yes,No,No,Yes,No  
QMobileViewMaxPro,"Rs.13,899",01-07-2020,Dual Sim Dual Standby (Micro-SIM)  ,No,No,Android 10 OS,6.6 Inches  ,No,IPS LCD Capacitive Touchscreen 16M Colors Multitouch,No,32 GB,3 GB,Yes,1.6 Ghz Octa Core  ,No,(Li-ion Non removable) 4000 mAh  ,5 MP,Yes,Yes,Yes,13 MP,Yes,Yes,Yes,Yes,FM radio,Yes,No,
TecnoSpark6,"Rs.17,899",01-09-2019,Dual Sim Dual Standby (Nano-SIM)  ,170.8 x 77.3 x 9.2 mm,,Android 10 OS  ,7.0 Inches,720 x 1640 Pixels,IPS LCD capacitive touchscreen 16M colors,Corning Gorilla Glass  ,64 GB,4 GB,Yes,1.8 Ghz Octa Core  ,No,(Li-Po Non removable) 5000 mAh  ,8 MP,No,1080p@30fps,Yes,16 MP,1080p@30fps,Yes,Yes,Yes,No,FM radio,Yes,No  
itelValue100,"Rs.1,500",10-07-2020,Dual Sim Dual Standby (Nano-SIM)  ,115. x 49.9 x 14.2 mm,,No,1.8 Inches  ,720 x 1440 pixels, LCDQVGA,No,4 MB,No,Yes,No,No, Li-ion 1500mAh Battery ,No,No,No,Yes,No,No,Yes,No,No,FM radio,No,No,
TecnoCamon16Premier,"Rs.36,599",09-10-2020,Dual SIM (Nano-SIM dual stand-by),170.6 x 77.2 x 9.1 mm,,Android 10 HIOS 6.0,6.9 inches,1080 x 2460 pixels,IPS LCD capacitive touchscreen 16M colors,Corning Gorilla Glass  ,128GB,8GB ,Yes,Octa-core (2x2.05 GHz Cortex-A76 & 6x2.0 GHz Cortex-A55),Mali-G76 MC4,Li-Po 4500 mAh non-removable,48 MP + 8 MP,Yes,1080p@30fps,Yes,64 MP + 8 MP + 2 MP + 2 MP,4K@30fps 1080p@30fps 720p@960fps gyro-EIS,Yes,Yes,Yes,FM radio,Yes,No,
TecnoPova,"Rs.22,599",10-10-2020,Dual Sim Dual Standby (Nano-SIM)  ,171.23 x 77.57 x 9.4 mm ,196 g  ,Android 10 OS  ,6.8 Inches  ,720 x 1640 Pixels,IPS LCD Capacitive Touchscreen 16M Colors Multitouch ,No,128 GB,6 GB,Yes,Octa Core  ,Helio G80,Li-Po 6000 mAh non-removable,8 MP,Yes,1080p@30fps,Yes,13 MP,1080p@30fps,Yes,Yes,Yes,No,FM radio,Yes,No  
TecnoSpark6Go,"Rs.13,499",30-10-2020,Dual SIM (Nano-SIM dual stand-by),165 x 76.3 x 9 mm,,Android 10 ,6.52 inches,720 x 1600 pixels,IPS LCD capacitive touchscreen 16M colors,No,32/64 GB,2/4 GB,Yes,1.8GHz Octa-Core,,Li-Po 5000 mAh non-removable,8 MP,No,720p@30fps,Yes,13 MP ,1080p@30fps,Yes,Yes,Yes,No,FM radio,Yes,No  
TecnoPOP4LTE,"Rs.12,499",25-05-2021,Dual SIM (Nano-SIM dual stand-by),168.0 x 79.0 x 10.55 mm,,Android 10 Go Edition,6.52 inches,540 x 1200 pixels,IPS LCD Capacitive Touchscreen 16M Colors Multitouch ,No,32 GB,2 GB,Yes,MediaTek MT6739,PowerVR GE8100,Li-Po 5000 mAh removable,5 MP,No,1080p@30fps,Yes,5 MP,1080p@30fps,Yes,Yes,Yes,No,No,Yes,No
InfinixHot9Play,"Rs.15,999",09-04-2020,Dual SIM (Nano-SIM dual stand-by),171.8 x 78 x 8.9 mm,209 g,Android 9.0 Pie (Go edition),6.82 inches,720 x 1640 pixels,IPS LCD capacitive touchscreen 16M colors,No,32/64 GB,2/3/4 GB RAM,Yes,Quad-core 2.0 GHz Cortex-A53,PowerVR GE8300,Fast chargingNon-removable Li-Polymer 6000 mAh ,8 MP,No,1080p@30fps,Yes,13 MP,1080p@30fps,Yes,Yes,Yes,No,Yes,Yes,No
ItelVision1Plus,"Rs.13,799",15-02-2020,Dual Sim Dual Standby (Nano-SIM)  ,155.30 x 73.50 x 8.50 mm,169 g,AndroidTM 9 Pie,6.5 inches,1600*720,HD+ Waterdrop FullScreen ,No,32GB,3GB ,Yes,Octa-core 1.6GHz,IMG8322,Non-removable Li-Po 5000 mAh battery,8 MP,No,1080p@30fps,Yes,13 MP + 2 MP,1080p@30fps,Yes,Yes,Yes,FM radio,Yes,No,
ItelA33,"Rs.6,999",2020,Dual SIM (Nano-SIM dual stand-by),156.7 x 74.7 x 8.9 mm,153 g,AndroidTM 8.1 (Go edition),5.0 inches,854 x 480 pixels,IPS LCD Touchscreen,Corning Gorilla Glass 6,16GB,1GB ,MicroSD Card ,Quad-Core 1.3GHz,PowerVR GE8322,Non-removable Li-Po 2200 mAh battery,2 MP,No,1080p@30fps,Yes,5 MP,2160p@30fps 1080p@30fps,Yes,Yes,No,No,FM radio,Yes,Yes (market/region dependent)
ItelA25,"Rs.8,499",2020-01-10,Dual Sim Dual Standby (Micro-SIM),,,Android v9.0 (Pie),5.0 inches,HD (720 x 1280 pixels),IPS LCD,No,16 GB,1 GB,Yes,Quad core 1.4 GHz,No,Li-Ion non removable3020 mAh,2MP,Yes,720p@30fps,Yes,5MP,720p@30fps,Yes,Yes,Yes,No,Yes,Yes,No
ItelMagic2Max,"Rs.2,599",2020-06-30,Dual SIM (dual standby),139 x 58.8 x 11.9 mm,No,Featured OS,2.8 Inch,240 x 320 Pixels,TFT non-touch screen 265 A color,No,8Mb,8Mb,Yes,No,No,1900 MAh Lithium Polymer removable,No,No,No,Yes,1.3 Megapixel,VGA,Yes,No,No,Yes,No,No,
TecnoCamon16Pro,"Rs.27,399",26-02-2021,Dual Sim Dual Standby (Nano-SIM)  ,170.9 x 77.2 x 9.2 mm,207 g,Android 10 HIOS 7.0,6.8 inches,720 x 1640 pixels,IPS LCD Capacitive Touchscreen 16M Colors Multitouch  ,Corning Gorilla Glass 3,128 GB,6 GB,Yes,Mediatek Helio G70 (12 nm),Mali-G52 2EEMC2,Li-Po 5000 mAh non-removable,16 MP f/2.0,Yes,1080p@30fps,Yes,64 MP + 8 MP + 2 MP,4K@30fps 1080p@30/60/120fps,Yes,Yes,Yes,No,FM radio,Yes,No
QMobileECO100,"Rs.1,799",09-07-2018,Dual Sim Dual Standby (Nano-SIM)  ,,,No,2.4 inches,320 x 240 pixels,LCD Dsiplay ,No,No,No,Yes,No,No,Removable Li-Po 	1800 mAh  battery,No,No,No,Yes,VGA,Yes,Yes,No,No,No,No,No,
TecnoCamon16SE,"Rs.24,499",28-10-2020,Dual SIM (Nano-SIM dual stand-by),164.5 x 76.5 x 8.95 mm  ,,Android 10.0 OS  ,6.6 Inches,720 x 1600 pixels,IPS LCD Capacitive Touchscreen 16M Colors Multitouch  ,No,128 GB,6 GB,Yes,MediaTek Helio G70  ,,Li-Po 5000 mAh non-removable,16 MP,No,1080p@30fps,Yes,48 MP + 2 MP + 2 MP ,1080p@30fps,Yes,Yes,Yes,No,Yes,Yes,No
